-- Generation time: Wed, 26 Feb 2020 11:16:16 +0000
-- Host: mysql.hostinger.ro
-- DB name: u574849695_23
/*!40030 SET NAMES UTF8 */;
/*!40101 SET @OLD_CHARACTER_SET_CLIENT=@@CHARACTER_SET_CLIENT */;
/*!40101 SET @OLD_CHARACTER_SET_RESULTS=@@CHARACTER_SET_RESULTS */;
/*!40101 SET @OLD_COLLATION_CONNECTION=@@COLLATION_CONNECTION */;
/*!40103 SET @OLD_TIME_ZONE=@@TIME_ZONE */;
/*!40103 SET TIME_ZONE='+00:00' */;
/*!40014 SET @OLD_UNIQUE_CHECKS=@@UNIQUE_CHECKS, UNIQUE_CHECKS=0 */;
/*!40014 SET @OLD_FOREIGN_KEY_CHECKS=@@FOREIGN_KEY_CHECKS, FOREIGN_KEY_CHECKS=0 */;
/*!40101 SET @OLD_SQL_MODE=@@SQL_MODE, SQL_MODE='NO_AUTO_VALUE_ON_ZERO' */;
/*!40111 SET @OLD_SQL_NOTES=@@SQL_NOTES, SQL_NOTES=0 */;

DROP TABLE IF EXISTS `bookmarks`;
CREATE TABLE `bookmarks` (
  `user_id` bigint(20) unsigned NOT NULL,
  `media_id` bigint(20) unsigned NOT NULL,
  `created_at` datetime DEFAULT current_timestamp(),
  PRIMARY KEY (`user_id`,`media_id`),
  KEY `user_id` (`user_id`),
  KEY `media_id` (`media_id`),
  CONSTRAINT `bookmarks_ibfk_1` FOREIGN KEY (`user_id`) REFERENCES `users` (`id`),
  CONSTRAINT `bookmarks_ibfk_2` FOREIGN KEY (`media_id`) REFERENCES `media` (`id`)
) ENGINE=InnoDB DEFAULT CHARSET=utf8 COLLATE=utf8_unicode_ci;

INSERT INTO `bookmarks` VALUES ('1','1','1986-01-16 04:50:09'),
('2','2','2007-08-31 05:57:04'),
('3','3','2018-12-19 22:17:30'),
('4','4','1990-01-12 08:02:09'),
('5','5','2002-06-24 08:40:17'),
('6','6','1978-01-17 03:57:32'),
('7','7','1998-11-02 12:37:00'),
('8','8','1984-05-03 01:45:16'),
('9','9','1977-01-30 19:20:05'),
('10','10','2013-10-30 06:30:32'),
('11','11','1981-11-26 17:08:04'),
('12','12','1983-01-03 16:18:32'),
('13','13','1999-06-28 19:46:10'),
('14','14','1981-12-17 22:10:03'),
('15','15','1983-01-04 16:22:56'),
('16','16','2008-02-03 18:34:25'),
('17','17','2005-06-10 12:09:33'),
('18','18','1995-04-09 01:24:32'),
('19','19','1976-08-30 19:45:27'),
('20','20','1996-09-13 18:52:18'),
('21','21','2014-06-25 20:32:12'),
('22','22','2004-01-10 18:22:24'),
('23','23','2010-03-23 00:19:20'),
('24','24','1995-06-29 15:23:45'),
('25','25','2006-01-29 19:36:44'),
('26','26','1978-04-28 10:46:07'),
('27','27','2011-04-16 04:29:30'),
('28','28','1996-10-26 13:29:31'),
('29','29','2000-06-10 18:43:53'),
('30','30','2017-05-30 21:54:57'),
('31','31','1999-04-09 05:14:00'),
('32','32','2012-11-01 00:42:17'),
('33','33','2016-03-27 19:06:07'),
('34','34','1982-09-10 07:14:31'),
('35','35','1974-05-07 16:53:33'); 


DROP TABLE IF EXISTS `comments`;
CREATE TABLE `comments` (
  `id` bigint(20) unsigned NOT NULL AUTO_INCREMENT,
  `user_id` bigint(20) unsigned NOT NULL,
  `media_id` bigint(20) unsigned NOT NULL,
  `comm_id` bigint(20) unsigned DEFAULT NULL,
  `body` text COLLATE utf8_unicode_ci DEFAULT NULL,
  `created_at` datetime DEFAULT current_timestamp(),
  PRIMARY KEY (`id`),
  KEY `media_id` (`media_id`),
  CONSTRAINT `comments_ibfk_1` FOREIGN KEY (`media_id`) REFERENCES `media` (`id`)
) ENGINE=InnoDB AUTO_INCREMENT=101 DEFAULT CHARSET=utf8 COLLATE=utf8_unicode_ci;

INSERT INTO `comments` VALUES ('1','1','1',NULL,'Non esse enim molestias ut. Doloribus laudantium suscipit omnis totam assumenda voluptate. Quam non veniam sunt dolores rerum aliquam non. Voluptates alias et sit facilis et aut optio.','1980-08-07 11:13:43'),
('2','2','2',NULL,'Facilis et est dolorem sit repellendus accusamus natus. Quaerat eos quo repellat sed repudiandae dolor harum similique. Qui unde omnis accusantium sint animi ex rerum.','1987-07-19 00:29:05'),
('3','3','3',NULL,'Ea quam voluptate porro quibusdam voluptate laudantium. Reiciendis in ipsam perferendis quia voluptas. Perspiciatis earum voluptatem autem nulla reiciendis fugiat esse. Inventore amet voluptas autem et consequatur. Cupiditate dolorem excepturi beatae autem non repellat voluptatibus.','1999-01-09 17:31:43'),
('4','4','4',NULL,'Accusamus eligendi voluptatem quibusdam aut sed. Ut voluptas mollitia consequuntur laborum sint. Atque ut molestiae commodi excepturi doloremque dolorem.','2018-10-17 02:55:15'),
('5','5','5',NULL,'Ipsam velit magni similique qui nihil labore. Nihil aut accusantium in consequuntur. Est et asperiores quo eaque facilis unde. Excepturi officiis porro repellat veritatis.','1973-03-30 02:53:31'),
('6','6','6',NULL,'Labore labore fuga amet iusto vitae placeat. Voluptatibus rerum rerum sint atque voluptatum. Fugit laborum cupiditate magnam nulla officiis. Quas voluptate numquam veritatis sed.','2003-10-02 10:43:24'),
('7','7','7',NULL,'Iusto placeat maiores sint eum id. Occaecati voluptatem enim minus laudantium reiciendis quasi ut consequatur. Sunt quis possimus sequi veniam molestiae. Enim laboriosam et sit et voluptas.','2017-02-16 08:00:57'),
('8','8','8',NULL,'Dolores dolores natus ut totam. Omnis ea qui error atque ea accusamus. Sapiente ullam error qui a ea.','1988-08-01 13:49:50'),
('9','9','9',NULL,'Incidunt repellat necessitatibus numquam numquam. Sunt ut assumenda velit eius ut quas deserunt. Quis cumque ad libero velit similique et eos placeat.','1994-07-10 13:52:55'),
('10','10','10',NULL,'Dicta quo et autem non. Quis laborum magni accusantium odio officia quae quo. Earum expedita iste architecto ut corrupti. Voluptatem numquam autem tempora officiis asperiores eius provident.','1985-11-03 03:51:08'),
('11','11','11',NULL,'Maiores harum sequi et labore pariatur. Eaque beatae ratione cum dolor eum dolor.','1975-07-16 20:49:04'),
('12','12','12',NULL,'Commodi quaerat eum odio veritatis. Fugiat deleniti sed sit aut. Eligendi sint beatae corporis quisquam ea vel quibusdam. Vero quaerat incidunt eum.','1978-04-15 09:09:30'),
('13','13','13',NULL,'Ut voluptas doloremque debitis aut. Reiciendis iusto repellendus non voluptatem ab. Quod nisi veniam voluptas occaecati consequatur. Eum eveniet nostrum aspernatur libero in.','1999-10-19 18:29:24'),
('14','14','14',NULL,'Enim ut dignissimos quis ea nostrum sit et alias. Doloribus et in dolorem ea repellendus nostrum. Vitae et voluptas iure deleniti neque ut.','1997-07-27 07:45:26'),
('15','15','15',NULL,'Soluta eius similique distinctio tenetur minus quod. Aut est dolores modi animi ut velit.','1986-07-03 14:09:17'),
('16','16','16',NULL,'Necessitatibus corrupti magnam vero iusto nulla illum aut voluptatem. Et vero quo ut dolor voluptas eveniet. Repellat eligendi maxime quia voluptas ut eligendi et.','1985-03-29 22:48:20'),
('17','17','17',NULL,'Odit eligendi hic dolorum culpa iusto inventore qui. Quod voluptatum ea voluptatibus ut voluptatem ipsum. Debitis sed ipsam dolore rerum.','1980-12-10 12:07:49'),
('18','18','18',NULL,'Porro nemo dolorem incidunt sunt illum. Labore nihil atque dolores est temporibus praesentium. Quia nostrum occaecati consequatur quidem reiciendis. At enim sit perferendis vel facere sint.','1976-09-14 01:56:54'),
('19','19','19',NULL,'Illo aut eos omnis ut. Aut consequuntur minima enim et perspiciatis. Repellendus nesciunt iure sit illo dolore. Alias illo consequuntur pariatur nemo recusandae.','1990-11-18 18:09:29'),
('20','20','20',NULL,'Quasi sed adipisci delectus possimus et est culpa. Eius doloremque culpa ut. Omnis aut consequuntur ducimus. In ut eius unde totam nulla consequatur.','1988-10-01 07:37:04'),
('21','21','21',NULL,'Dolorum ducimus et dolor nihil id et. Nobis nulla debitis sequi. Similique aut quo asperiores amet quaerat. Quis numquam et error.','2014-07-10 13:21:01'),
('22','22','22',NULL,'Ipsa cupiditate praesentium qui iure sunt minima possimus. Excepturi consectetur architecto officia nesciunt expedita vel exercitationem suscipit. Aliquam vero est recusandae fugit officia consequatur.','1987-05-14 02:28:07'),
('23','23','23',NULL,'Qui laborum possimus dicta impedit eos. Ea repellendus et atque et. Eligendi porro fugiat doloribus molestiae.','1970-02-26 17:35:21'),
('24','24','24',NULL,'Laboriosam animi et occaecati dolorem ullam et. Laborum impedit quis reiciendis et exercitationem. Mollitia temporibus recusandae assumenda labore consequatur quis et.','2006-12-04 13:51:29'),
('25','25','25',NULL,'Cupiditate ipsa sit rerum tempora quia voluptatem. Dolorum perferendis aspernatur sed accusantium. Suscipit ipsam fugit tempore blanditiis.','2009-09-29 22:16:38'),
('26','26','26',NULL,'Ducimus numquam similique iusto harum. Cupiditate impedit aut dolorem adipisci culpa voluptatem voluptatem molestias. Magni consequuntur nihil consequatur voluptas recusandae est sed. Sed sit perspiciatis pariatur reiciendis tempora. Laborum qui ipsum quia cumque perspiciatis.','1994-02-23 23:53:21'),
('27','27','27',NULL,'Suscipit molestiae quis ea. Est error fuga ea inventore ex debitis. Consequatur accusantium vel soluta. Exercitationem est cum vel distinctio. Ab placeat atque corrupti incidunt.','2016-03-08 12:26:10'),
('28','28','28',NULL,'Nam sed cum cupiditate voluptas non doloribus rerum delectus. Aperiam reiciendis maxime magnam ipsam at sed omnis.','2010-07-25 01:03:51'),
('29','29','29',NULL,'Error reprehenderit beatae fugit iusto similique eligendi omnis. Sint sit ullam minima corrupti quia distinctio blanditiis. Vel doloremque assumenda distinctio enim vel. Odit sed excepturi doloremque vero quidem laudantium.','1992-03-16 19:43:31'),
('30','30','30',NULL,'Recusandae odit est sequi cumque ea. Doloribus id sit excepturi nihil vitae iusto quod consequatur. Et ut esse nam qui numquam rerum nihil.','1984-02-05 05:34:46'),
('31','31','31',NULL,'Quam autem in illum incidunt porro qui minus. Suscipit aut nesciunt explicabo. Quibusdam fugit ea quaerat voluptatem.','1980-03-26 11:07:40'),
('32','32','32',NULL,'Ut itaque esse error quia dicta. Est saepe deserunt dolore. Voluptas quia dicta dolorum itaque.','2004-01-13 11:11:11'),
('33','33','33',NULL,'Pariatur voluptas accusantium iusto deserunt. Consequuntur ut perferendis perspiciatis est dolores eos. Id aut unde non minus necessitatibus. Sapiente consectetur eaque vitae quis quisquam sit dolorem ut.','1982-12-23 01:43:26'),
('34','34','34',NULL,'Molestiae sint et eveniet aut aut. Veritatis dolor illo voluptas reiciendis sunt. Tempore aut quis accusamus eligendi porro repellat eum. Non rerum beatae dolores vel quo aut.','1972-04-29 07:31:40'),
('35','35','35',NULL,'Unde soluta culpa molestias qui ut doloribus dolores. Voluptatum consequatur voluptas autem qui aut cum officia. Quam suscipit laboriosam autem asperiores eligendi ex ipsa. Nihil architecto qui eum inventore. Dolores consequuntur non dignissimos sunt in est.','1973-07-04 15:18:15'),
('36','36','36',NULL,'Et qui est repellendus natus accusantium. Similique voluptatem inventore similique aut numquam distinctio quod. Voluptatibus dolores odio et amet. Totam cumque placeat doloremque atque.','2013-06-08 09:41:13'),
('37','37','37',NULL,'Laudantium facilis cumque commodi qui fugiat voluptatem itaque ut. Pariatur veniam quis corrupti inventore quos voluptas. Qui in qui sit. Voluptas omnis consequuntur pariatur et.','2014-07-04 13:19:04'),
('38','38','38',NULL,'Ipsum quos ut quidem totam cupiditate. Quo aspernatur deserunt occaecati et quaerat. Minima mollitia sapiente quo a sunt aut. A temporibus vero illum nobis accusamus ullam illum.','1994-12-23 07:53:25'),
('39','39','39',NULL,'Labore ab repudiandae eos sit autem sapiente. Aspernatur voluptas impedit accusantium et. Aliquid illum aut blanditiis non minus.','1989-04-26 20:20:47'),
('40','40','40',NULL,'Aspernatur earum et est illo. Nam at ipsa vitae quos ea cupiditate voluptatem. Perferendis temporibus et consequatur quis.','1982-10-31 07:44:47'),
('41','41','41',NULL,'Ut consequatur maxime ea magni qui consequuntur sit. Ratione et tenetur dignissimos. Nobis inventore sunt est est facere totam aut.','1972-08-17 09:24:47'),
('42','42','42',NULL,'Nam voluptatem quisquam ipsum sint at architecto aliquam. Accusantium itaque odio tempora tempora dolorem saepe aut. Laboriosam perspiciatis incidunt aut sit et vel.','1992-03-24 13:21:18'),
('43','43','43',NULL,'Facere quo modi dignissimos dolor et est asperiores. Molestiae dolores ab et soluta et ut aperiam.','1990-10-27 16:57:51'),
('44','44','44',NULL,'Laborum porro odio voluptas eveniet quo est. Non qui rem quibusdam a. Itaque tempore harum voluptate minima praesentium tempora eum. Voluptas quam qui et voluptatem possimus vel.','1986-10-17 13:40:35'),
('45','45','45',NULL,'Et dignissimos sint magni in ipsam enim ut. Voluptas quasi eius qui et. Non eius eum sit dolor hic aperiam reiciendis. Molestiae repudiandae nostrum rerum est quos ea illum.','1988-01-11 21:58:26'),
('46','46','46',NULL,'Incidunt consectetur velit voluptas facilis. Minima voluptatem sed et. Id quas sequi minus libero et non. Repellendus nobis sunt est voluptates quisquam doloribus.','1982-02-07 23:57:44'),
('47','47','47',NULL,'Est aut voluptatum vero tenetur. Excepturi vel et sed aut nemo neque rem consequatur. Illo ipsum quia quod omnis dignissimos deserunt qui voluptatem.','1978-07-24 16:25:06'),
('48','48','48',NULL,'Laudantium exercitationem nemo explicabo adipisci ea repellendus ut. Aspernatur doloremque sunt sint provident libero facere. Quo praesentium magnam enim eligendi in modi voluptatem. Magnam quasi mollitia nulla accusamus nisi id repellendus.','1992-08-29 01:24:39'),
('49','49','49',NULL,'Ut placeat ad excepturi sequi non rerum. Enim praesentium est qui nostrum mollitia id voluptatem. Iusto dolores nesciunt placeat nisi et tenetur ut. Tempora nulla magni facere itaque id et.','2009-10-05 07:23:23'),
('50','50','50',NULL,'Voluptas voluptate aut similique velit ut. Neque veritatis id rem repellendus nobis temporibus dolore. Ut dolorum provident sequi mollitia ratione dolorem.','1974-04-02 10:52:35'),
('51','51','51',NULL,'Nihil quo sed recusandae libero. Laboriosam at omnis nostrum quae aut rerum. Dignissimos nesciunt non ut fugiat dolores. Quo eos ut impedit aut consequuntur architecto eum numquam.','2016-04-21 18:06:27'),
('52','52','52',NULL,'Perspiciatis unde magnam consequatur corrupti cumque explicabo. Eius nisi deleniti sed unde. Perferendis non occaecati dolorem qui quia nobis est placeat.','2002-01-11 03:02:55'),
('53','53','53',NULL,'Dolorum consequuntur vel dolor sunt velit sed qui. Voluptatibus porro vel excepturi iste. Quis perferendis totam nulla assumenda et quam. Cum totam qui numquam ex.','1994-03-30 21:06:21'),
('54','54','54',NULL,'Corporis quae repellendus repellat maiores ut sint aliquam autem. Harum qui illo totam officia qui libero. Laboriosam nisi aut voluptatibus dignissimos dolores expedita. Mollitia voluptas assumenda quod dolorem dolor molestias neque. Expedita quibusdam est porro ex dolores in voluptatem sed.','1978-09-15 10:22:29'),
('55','55','55',NULL,'Rerum nostrum non aut. Sit doloremque quia nulla. Consequatur quasi id vel ducimus odio eum doloribus. Qui debitis excepturi rerum rerum perferendis. Et quia excepturi quasi qui est.','1990-05-05 19:56:44'),
('56','56','56',NULL,'Eius at harum nam deserunt sunt quod aut dignissimos. Quos quisquam assumenda explicabo odio non nihil. Quia est numquam asperiores rerum.','1984-09-11 08:29:21'),
('57','57','57',NULL,'Deleniti qui accusamus asperiores eveniet. Praesentium provident omnis soluta quo numquam nemo aliquid. Commodi officia alias sunt nemo quo assumenda.','2013-09-17 10:52:26'),
('58','58','58',NULL,'Voluptates architecto molestias eius ea. Pariatur soluta minima repudiandae corporis reiciendis. Sit consequatur deleniti molestiae assumenda ut. Tempora ex natus quisquam officiis.','1994-12-24 14:04:13'),
('59','59','59',NULL,'Adipisci in labore ad ab praesentium consequuntur aut. Nam omnis dolor minima magni perferendis quo. Laudantium voluptatem deleniti minima ipsum ratione laudantium molestiae.','2013-07-11 22:51:56'),
('60','60','60',NULL,'Praesentium sed aut eligendi amet. Sit repudiandae eum aperiam voluptatum dolorum. Et molestiae pariatur et vel sed reprehenderit iusto.','1979-09-01 19:58:42'),
('61','61','61',NULL,'Minus deserunt culpa ipsa recusandae est odit amet. Non velit excepturi voluptate ut expedita esse. Itaque ipsam quia autem mollitia beatae. Aliquam itaque veritatis aliquam quia esse.','1993-04-30 04:11:44'),
('62','62','62',NULL,'Dolorem necessitatibus perferendis dolorem dolorem sit eum. Ea est voluptatum quia saepe optio ad. Numquam tempora rerum molestiae nihil veritatis. Dolores ullam quo dignissimos qui.','2015-01-25 07:52:57'),
('63','63','63',NULL,'Quos exercitationem cupiditate repudiandae ab fuga aut. Consequuntur saepe cum ut sint qui. Ducimus omnis est et voluptas beatae sequi et ea. Inventore non est libero.','1978-03-29 18:45:59'),
('64','64','64',NULL,'In et aliquid at doloremque ut doloremque et unde. Veritatis distinctio nihil et voluptates. Aperiam est numquam quod sit. Mollitia dolorum eius repellat. Aperiam laudantium itaque ea non sed provident sit.','1974-07-22 12:47:08'),
('65','65','65',NULL,'Unde sunt voluptatem sed. Reiciendis incidunt excepturi libero unde nobis nemo. Perferendis minima doloremque eos. Excepturi molestiae voluptatem sint recusandae veniam ut voluptas.','2014-03-14 21:41:38'),
('66','66','66',NULL,'Eveniet possimus temporibus quam voluptas laboriosam nisi. Natus facere facere corporis iste tempora. Recusandae fugiat in asperiores velit.','1998-12-27 20:12:17'),
('67','67','67',NULL,'Rerum eligendi tempora quia et aut. Quidem sit optio eum aut fugiat eius. Dicta numquam aut rem esse doloremque nihil. Praesentium excepturi officiis placeat provident et.','1996-11-12 03:50:51'),
('68','68','68',NULL,'Error blanditiis quisquam voluptatibus corporis dolor dolor. Reprehenderit dolorem quibusdam aut non laboriosam unde. Voluptatem unde explicabo est ut sed dolorem quia. At necessitatibus totam consequatur id.','1980-06-19 13:17:25'),
('69','69','69',NULL,'Enim at eius sapiente totam culpa et officiis. Qui vel nihil debitis facere est aspernatur. Voluptates suscipit occaecati sint voluptas.','1982-06-04 07:33:47'),
('70','70','70',NULL,'Saepe suscipit reprehenderit voluptatibus ut. Ex exercitationem sint et quasi. Recusandae qui dignissimos expedita autem neque. Consequuntur eius ipsa nulla incidunt consequatur nam sequi.','1988-10-06 07:42:02'),
('71','71','71',NULL,'Sit velit maiores est ut voluptatum consequatur est. Dolores alias ducimus voluptas in totam omnis doloremque. Quia inventore alias quasi expedita voluptatum. Pariatur id et suscipit molestiae quaerat.','1981-10-24 17:55:35'),
('72','72','72',NULL,'Delectus eum debitis ea et odit. Eum qui aperiam quis sed. Dolor voluptatem numquam nemo accusantium provident quia at. Fugit quidem impedit accusantium.','2004-10-20 14:42:15'),
('73','73','73',NULL,'Voluptatem est asperiores alias voluptatem aliquam. Sint animi omnis sapiente in nisi quis et. Quo quas officiis debitis rem quae aperiam.','2006-10-14 22:27:20'),
('74','74','74',NULL,'Aliquam voluptas enim doloribus quo rerum reprehenderit. Neque velit ut voluptas ut. Autem voluptas rerum rem tempore ad mollitia. Blanditiis et repellendus dolore voluptatum.','1975-12-11 23:05:47'),
('75','75','75',NULL,'Ullam minus dignissimos voluptatibus et maiores. Consequatur perferendis qui molestiae dignissimos qui veniam aliquid magnam. Voluptates molestias quia voluptatibus autem.','1995-08-29 03:44:36'),
('76','76','76',NULL,'Aut doloribus voluptatum minima dolore voluptatem ducimus accusamus. Aut vero ad amet qui sapiente tempore aperiam.','1981-10-04 05:20:31'),
('77','77','77',NULL,'Qui incidunt voluptas quam sunt sunt ipsum. Ut doloribus quam aut eos sint consequuntur pariatur. Delectus officia doloribus velit voluptatem ad vero enim rerum. Magni eligendi maxime ipsum ipsum.','2008-12-27 00:24:45'),
('78','78','78',NULL,'Molestiae ad et debitis commodi suscipit aut. Odit mollitia ut ut dolores laudantium minima rerum. Sint et vero eum voluptatem esse laborum.','1983-01-20 09:58:04'),
('79','79','79',NULL,'Deserunt sunt pariatur ducimus blanditiis. Blanditiis perspiciatis omnis dignissimos et ullam. Corrupti explicabo earum sed nihil omnis quas quia.','1999-04-03 06:01:33'),
('80','80','80',NULL,'Dignissimos reiciendis quam vel et sequi cupiditate iure. Recusandae minima fugit ullam quisquam facilis totam. Debitis quae aut quibusdam libero.','1981-11-18 19:32:17'),
('81','81','81',NULL,'Quia facere quo enim eius aspernatur. Maxime id minima facilis unde asperiores.','1993-09-14 18:56:34'),
('82','82','82',NULL,'Minima aliquid dolor nobis. Fugiat non rerum dolor praesentium quidem totam. Cupiditate expedita omnis ducimus eveniet rerum accusamus molestiae.','1981-10-18 23:05:07'),
('83','83','83',NULL,'Perspiciatis et aut quae et voluptas dolor molestiae eveniet. Alias ipsa ut et vel occaecati. Laborum laudantium cum et ipsa libero dolores. Neque praesentium sit rem.','1983-04-05 01:32:27'),
('84','84','84',NULL,'Laudantium mollitia fugit aliquam unde ullam. Autem amet minima cumque sapiente atque assumenda. Eveniet repudiandae qui ut pariatur in. Aspernatur suscipit eveniet perferendis ducimus.','1994-01-12 15:10:27'),
('85','85','85',NULL,'Consectetur animi iste unde molestiae et veritatis cumque. Voluptatem repellendus ex similique repellat. Unde occaecati maxime repudiandae.','2002-12-29 03:55:27'),
('86','86','86',NULL,'Minima odit suscipit ipsa quidem modi incidunt eos. Id molestias quidem voluptas ducimus qui odio. Explicabo fugit eaque eos at quae ipsa.','2019-07-11 17:50:22'),
('87','87','87',NULL,'Quasi voluptatum qui eveniet possimus. Unde quia voluptas ab consectetur est ipsam accusantium. Nemo earum sint perferendis.','2004-05-23 18:33:51'),
('88','88','88',NULL,'Reprehenderit deleniti qui sequi tempore reprehenderit incidunt architecto molestiae. Voluptatem corrupti facere tenetur commodi sint quidem. Ad ullam dolore officia ex ipsum harum tenetur eum.','2017-08-30 22:03:00'),
('89','89','89',NULL,'Rem quisquam aliquid impedit earum. Voluptatem et aut et ut quia libero. Et sequi quia iure molestiae eum. Aut non sunt in distinctio numquam.','2010-12-22 23:05:36'),
('90','90','90',NULL,'Mollitia fuga at delectus et tempora. Earum possimus similique libero illo rerum sunt. Blanditiis libero in earum ea.','1997-01-13 02:39:54'),
('91','91','91',NULL,'Dolor quo velit repellendus iste et consequuntur. Molestias rerum quia cum nulla et. Hic architecto debitis rerum esse est voluptatibus. Ipsum recusandae ut unde natus porro.','1983-03-26 05:46:03'),
('92','92','92',NULL,'Deleniti vero quos possimus assumenda consequuntur dignissimos quis. Eligendi velit eius enim. Minima modi aperiam ut.','2012-09-03 18:41:20'),
('93','93','93',NULL,'Quibusdam sed et aspernatur illo consequatur est. Et ducimus ad rerum assumenda nulla saepe deserunt. Eos quasi autem molestiae aut amet ea. Itaque hic velit velit ipsam aspernatur omnis sapiente.','1984-05-19 17:36:16'),
('94','94','94',NULL,'Rem ipsam nesciunt id consequuntur perferendis. Ut et eligendi nulla illo optio ipsa.','1980-10-09 19:33:09'),
('95','95','95',NULL,'Aut doloremque id consequatur sit suscipit ad et. Animi quis quaerat rem corrupti. In vel corrupti commodi qui odit accusantium.','2018-05-12 20:29:50'),
('96','96','96',NULL,'Ipsum hic similique libero dolores qui ipsa quibusdam. Dolor voluptates pariatur id ipsum. Et eligendi asperiores odio laudantium voluptates. Consectetur at adipisci omnis.','1970-12-10 16:53:28'),
('97','97','97',NULL,'Quam et eaque nesciunt consectetur labore et recusandae. Explicabo deleniti itaque sunt magnam veniam perspiciatis. Quia aut suscipit quia enim eaque quisquam sapiente est.','2017-10-12 18:39:09'),
('98','98','98',NULL,'Ab doloremque vitae veritatis sunt cum distinctio. Voluptas minima aperiam quis voluptates fugiat. Tenetur illum et blanditiis numquam id accusantium quasi repellat. Illo in placeat veniam sed rem et reiciendis.','2014-02-03 21:52:46'),
('99','99','99',NULL,'Ut magni ut laudantium. Id ad omnis qui inventore eius sed. Sunt rerum odio neque dolor pariatur quo culpa quaerat.','1991-12-11 13:57:06'),
('100','100','100',NULL,'Quo similique quibusdam repudiandae est aut. Nesciunt rerum molestiae est ut incidunt corrupti. Qui voluptatem accusantium maxime cumque minima quibusdam.','2019-01-08 18:28:54'); 


DROP TABLE IF EXISTS `communities`;
CREATE TABLE `communities` (
  `id` bigint(20) unsigned NOT NULL AUTO_INCREMENT,
  `name` varchar(150) COLLATE utf8_unicode_ci DEFAULT NULL,
  PRIMARY KEY (`id`),
  KEY `communities_name_idx` (`name`)
) ENGINE=InnoDB AUTO_INCREMENT=6 DEFAULT CHARSET=utf8 COLLATE=utf8_unicode_ci;

INSERT INTO `communities` VALUES ('5','accusantium'),
('1','est'),
('4','non'),
('2','odit'),
('3','sed'); 


DROP TABLE IF EXISTS `friend_requests`;
CREATE TABLE `friend_requests` (
  `initiator_user_id` bigint(20) unsigned NOT NULL,
  `target_user_id` bigint(20) unsigned NOT NULL,
  `status` enum('requested','approved','unfriended','declined') COLLATE utf8_unicode_ci DEFAULT NULL,
  `requested_at` datetime DEFAULT current_timestamp(),
  `confirmed_at` datetime DEFAULT NULL,
  PRIMARY KEY (`initiator_user_id`,`target_user_id`),
  KEY `initiator_user_id` (`initiator_user_id`),
  KEY `target_user_id` (`target_user_id`),
  CONSTRAINT `friend_requests_ibfk_1` FOREIGN KEY (`initiator_user_id`) REFERENCES `users` (`id`),
  CONSTRAINT `friend_requests_ibfk_2` FOREIGN KEY (`target_user_id`) REFERENCES `users` (`id`)
) ENGINE=InnoDB DEFAULT CHARSET=utf8 COLLATE=utf8_unicode_ci;

INSERT INTO `friend_requests` VALUES ('1','6','','1983-05-26 03:22:07','2001-09-15 01:13:54'),
('2','4','','1973-06-21 06:18:59','2013-03-21 13:22:38'),
('3','7','','2020-02-11 17:38:08','1971-05-13 18:22:53'),
('4','8','','2018-09-15 19:25:53','2009-02-10 22:27:07'),
('5','9','','1979-12-15 00:20:41','2013-05-28 23:50:00'),
('6','11','','1992-05-15 22:08:39','1998-12-17 19:04:41'),
('7','4','','2004-04-22 06:45:34','2012-07-05 22:19:15'),
('8','3','','1995-05-26 18:49:14','1992-11-25 04:27:39'),
('9','10','','1976-03-12 05:49:43','2013-05-13 01:43:11'),
('10','11','','1983-01-28 08:35:22','2019-03-30 04:21:34'),
('11','14','','1977-01-18 12:10:58','2017-02-18 22:13:15'),
('12','11','','1983-05-31 20:46:57','1981-11-09 07:19:54'),
('13','1','','1975-12-05 12:06:45','2014-01-22 03:09:04'),
('14','3','','1998-05-09 14:34:13','1989-11-17 21:16:14'),
('15','9','','2017-12-26 17:28:39','2018-03-01 06:42:27'); 


DROP TABLE IF EXISTS `likes`;
CREATE TABLE `likes` (
  `id` bigint(20) unsigned NOT NULL AUTO_INCREMENT,
  `user_id` bigint(20) unsigned NOT NULL,
  `media_id` bigint(20) unsigned NOT NULL,
  `created_at` datetime DEFAULT current_timestamp(),
  PRIMARY KEY (`id`)
) ENGINE=InnoDB AUTO_INCREMENT=90 DEFAULT CHARSET=utf8 COLLATE=utf8_unicode_ci;

INSERT INTO `likes` VALUES ('1','1','1','2006-08-22 20:47:51'),
('2','2','2','2009-01-11 03:08:27'),
('3','3','3','2001-10-11 20:54:12'),
('4','4','4','2019-01-27 13:05:39'),
('5','5','5','1985-06-09 11:35:16'),
('6','6','6','1987-03-25 16:07:16'),
('7','7','7','1982-08-21 02:48:59'),
('8','8','8','1982-11-11 07:35:43'),
('9','9','9','2014-09-22 17:02:36'),
('10','10','10','2014-08-25 15:13:26'),
('11','11','11','2005-07-05 15:15:08'),
('12','12','12','2006-09-11 06:24:45'),
('13','13','13','2006-11-26 07:42:28'),
('14','14','14','1971-12-05 20:07:34'),
('15','15','15','2003-03-11 04:14:55'),
('16','16','16','2007-08-20 23:19:22'),
('17','17','17','1995-09-07 07:24:14'),
('18','18','18','1982-04-21 04:00:59'),
('19','19','19','1981-09-28 09:15:11'),
('20','20','20','2019-01-05 12:49:52'),
('21','21','21','1980-03-22 14:51:36'),
('22','22','22','2015-07-04 19:50:04'),
('23','23','23','2000-06-11 17:46:15'),
('24','24','24','1975-01-25 13:47:06'),
('25','25','25','1999-04-11 14:01:19'),
('26','26','26','1981-01-29 05:20:10'),
('27','27','27','1998-07-03 18:30:36'),
('28','28','28','2004-02-11 21:21:23'),
('29','29','29','2017-10-31 15:34:20'),
('30','30','30','2002-03-14 02:17:19'),
('31','31','31','1989-01-17 12:30:28'),
('32','32','32','1988-03-13 06:51:50'),
('33','33','33','2013-02-06 05:05:52'),
('34','34','34','2006-11-12 14:55:34'),
('35','35','35','1980-07-23 19:18:05'),
('36','36','36','1996-02-15 01:28:31'),
('37','37','37','2006-10-16 06:12:00'),
('38','38','38','1980-07-24 04:38:26'),
('39','39','39','2018-01-02 04:59:19'),
('40','40','40','1987-10-03 16:24:58'),
('41','41','41','1976-05-14 08:12:35'),
('42','42','42','1976-11-30 15:12:57'),
('43','43','43','2013-07-11 11:39:46'),
('44','44','44','1986-06-05 05:11:02'),
('45','45','45','1999-02-19 09:34:38'),
('46','46','46','2000-10-15 13:17:30'),
('47','47','47','2014-02-07 06:37:51'),
('48','48','48','2003-04-27 18:01:52'),
('49','49','49','2006-01-13 02:25:06'),
('50','50','50','1978-01-24 14:58:13'),
('51','51','51','1974-10-03 03:48:07'),
('52','52','52','1989-03-29 09:24:21'),
('53','53','53','2017-11-30 10:14:04'),
('54','54','54','1993-08-11 20:54:55'),
('55','55','55','2001-03-31 17:51:25'),
('56','56','56','2016-07-23 00:31:13'),
('57','57','57','1971-09-25 01:26:10'),
('58','58','58','1992-09-05 04:20:07'),
('59','59','59','1970-07-01 00:36:02'),
('60','60','60','1971-06-04 18:15:00'),
('61','61','61','1987-10-05 10:39:24'),
('62','62','62','2016-11-06 06:57:58'),
('63','63','63','2006-01-22 21:57:11'),
('64','64','64','1997-12-24 00:09:57'),
('65','65','65','1991-07-18 23:25:42'),
('66','66','66','1976-02-03 08:34:56'),
('67','67','67','1980-06-12 06:07:17'),
('68','68','68','1989-07-11 17:09:14'),
('69','69','69','1996-10-26 18:14:17'),
('70','70','70','1984-01-09 11:35:50'),
('71','71','71','2019-11-27 14:37:24'),
('72','72','72','2004-07-05 06:13:30'),
('73','73','73','1997-07-25 10:17:46'),
('74','74','74','2015-05-14 07:12:30'),
('75','75','75','1992-12-05 09:41:55'),
('76','76','76','1979-06-02 19:04:58'),
('77','77','77','1991-05-29 00:15:51'),
('78','78','78','1974-11-09 23:37:47'),
('79','79','79','2002-03-20 17:25:09'),
('80','80','80','2006-01-05 18:38:50'),
('81','81','81','1973-02-05 08:02:58'),
('82','82','82','2012-02-26 22:05:41'),
('83','83','83','1977-04-30 01:59:50'),
('84','84','84','1981-12-24 18:21:35'),
('85','85','85','1993-09-22 03:08:22'),
('86','86','86','1982-06-25 08:02:33'),
('87','87','87','2005-06-09 14:09:50'),
('88','88','88','1983-04-24 20:52:49'),
('89','89','89','2010-03-12 17:35:52'); 


DROP TABLE IF EXISTS `media`;
CREATE TABLE `media` (
  `id` bigint(20) unsigned NOT NULL AUTO_INCREMENT,
  `media_type_id` bigint(20) unsigned NOT NULL,
  `user_id` bigint(20) unsigned NOT NULL,
  `body` text COLLATE utf8_unicode_ci DEFAULT NULL,
  `filename` varchar(255) COLLATE utf8_unicode_ci DEFAULT NULL,
  `size` int(11) DEFAULT NULL,
  `metadata` longtext CHARACTER SET utf8mb4 COLLATE utf8mb4_bin DEFAULT NULL,
  `created_at` datetime DEFAULT current_timestamp(),
  `updated_at` datetime DEFAULT current_timestamp() ON UPDATE current_timestamp(),
  PRIMARY KEY (`id`),
  KEY `user_id` (`user_id`),
  KEY `media_type_id` (`media_type_id`),
  CONSTRAINT `media_ibfk_1` FOREIGN KEY (`user_id`) REFERENCES `users` (`id`),
  CONSTRAINT `media_ibfk_2` FOREIGN KEY (`media_type_id`) REFERENCES `media_types` (`id`)
) ENGINE=InnoDB AUTO_INCREMENT=101 DEFAULT CHARSET=utf8 COLLATE=utf8_unicode_ci;

INSERT INTO `media` VALUES ('1','1','1','Culpa fuga nesciunt tempora suscipit eaque numquam. Et delectus praesentium sed ratione tenetur accusamus aut. Incidunt in sed exercitationem quidem quia iste veritatis perspiciatis.','quidem','2113848',NULL,'1999-10-25 22:34:58','1984-09-17 16:44:18'),
('2','2','2','Tempore occaecati sit enim. Doloribus et adipisci nesciunt ratione. Aliquam suscipit voluptates iusto animi vitae. Numquam quia laboriosam omnis eum autem.','non','0',NULL,'2015-08-11 14:20:39','1994-09-22 23:53:24'),
('3','3','3','Ex voluptatem iure officia quia. Incidunt dignissimos dolorem fugit. Fugit voluptatum corrupti porro atque nam dolorum.','ut','3092433',NULL,'2003-04-23 21:42:05','2009-12-04 05:44:21'),
('4','4','4','Ut rerum voluptatem provident voluptatum itaque sit sed. Hic repudiandae mollitia mollitia et aut rerum officiis. Cupiditate aspernatur suscipit quia laborum excepturi possimus dignissimos.','sed','890287390',NULL,'1978-10-20 06:13:04','2018-11-09 20:32:27'),
('5','5','5','Reprehenderit dolores dolores enim vel. Ipsam quasi aliquid voluptatem impedit praesentium nam. Expedita veniam facilis eos natus.','consequatur','726994533',NULL,'1980-08-02 08:30:07','2008-05-28 02:14:57'),
('6','1','6','Eveniet quisquam similique a explicabo iure eum. Voluptatem et velit inventore et. Quo et architecto omnis tempore odio sint. Autem dolorem sit eos suscipit.','saepe','610891',NULL,'2015-09-01 16:50:00','1977-08-31 08:06:04'),
('7','2','7','Sit voluptates optio ex consequatur. Maiores velit ipsum occaecati distinctio. Quia quos beatae sint et.','non','189',NULL,'2015-06-30 00:10:15','1978-09-21 17:09:47'),
('8','3','8','Consequatur aut voluptatem ullam rerum ad sunt. Est reiciendis veniam aperiam non aut fugiat. Tempore quis soluta saepe.','ut','2',NULL,'2012-03-21 07:53:05','2001-08-01 00:19:39'),
('9','4','9','Similique tempora dolores quasi quasi. Id dolores dolor quibusdam quidem nesciunt pariatur consequuntur.','asperiores','53',NULL,'1984-08-02 14:09:30','2015-07-22 15:02:11'),
('10','5','10','Similique ad perferendis repudiandae ducimus. Fuga et sed iure. Velit porro pariatur qui. Qui sunt amet et.','earum','9742',NULL,'2008-02-20 05:08:16','1979-04-02 14:18:02'),
('11','1','11','Possimus autem dicta sunt explicabo necessitatibus consequatur non. Vero ratione blanditiis a qui consequuntur consequatur. Ex esse velit expedita sit officia.','harum','47',NULL,'1990-02-02 16:52:10','2006-01-21 18:19:46'),
('12','2','12','Dicta ea placeat maxime provident cupiditate et. Repellendus cumque et id neque quia corporis. Deleniti facere consequatur facere optio dolores quibusdam corporis. Necessitatibus dolorem voluptatem accusamus non.','doloremque','1',NULL,'2001-12-10 13:12:11','2007-07-03 15:35:19'),
('13','3','13','Est quo consequatur nisi non et totam. Modi blanditiis vel dolorem. Quam numquam debitis omnis culpa exercitationem debitis. Et veritatis suscipit odit dolorem. Quae saepe aperiam sit.','a','0',NULL,'2007-08-09 06:46:09','2005-11-15 22:23:12'),
('14','4','14','Error sed officiis velit. Qui magni quia debitis aliquam dolores eius voluptatum. Nobis ex magni quia qui. Reprehenderit ut eos dolorum molestiae veniam quia et architecto.','eligendi','467',NULL,'1971-10-10 18:13:35','1980-10-18 06:47:14'),
('15','5','15','Illum architecto repudiandae sed neque. Recusandae tempore unde incidunt dolor deleniti quo asperiores. Quam nesciunt aliquam ipsum sint modi est provident vitae. Est ut voluptatem alias dolore veniam similique.','voluptates','44182503',NULL,'1992-10-03 18:23:38','1983-11-15 07:07:45'),
('16','1','16','Deserunt corrupti voluptas dolorem molestiae officia voluptas. Consequatur pariatur molestiae repellendus eum voluptatem quia et.','et','511114770',NULL,'2006-10-22 06:45:01','1997-10-08 03:27:34'),
('17','2','17','Recusandae rerum commodi ut ullam saepe. Corporis quisquam eligendi ipsam molestiae ipsam porro. Occaecati quod eveniet officiis corporis qui eaque.','hic','53020',NULL,'1976-12-24 20:10:25','1987-02-07 11:01:15'),
('18','3','18','Cumque asperiores cumque reiciendis voluptatem non magnam. Animi voluptatem repellendus sunt.','quia','776484',NULL,'2013-11-06 01:27:44','1979-03-03 08:44:21'),
('19','4','19','Voluptatem culpa fugiat ducimus rerum voluptas voluptas illo. Dolorum sunt autem reprehenderit eius. Illum iure et aperiam. Consequuntur debitis dolorum eos voluptates autem tempore nulla.','totam','892',NULL,'2012-04-20 19:13:08','1976-04-16 12:13:55'),
('20','5','20','Et quis rerum et corporis aliquam impedit consectetur. Aut a et qui ipsa molestiae. Fuga assumenda quis molestiae possimus quam mollitia ratione atque.','excepturi','355804',NULL,'1986-12-23 23:37:18','1970-12-09 02:20:27'),
('21','1','21','Repellat perspiciatis rerum rerum ex aut. Numquam sit possimus nisi. Qui nemo reiciendis vel ipsum sunt.','molestiae','59398533',NULL,'2001-05-12 06:34:26','2006-01-02 20:22:07'),
('22','2','22','Facilis iste et eos. Odio quis sequi voluptas ut et consectetur. Necessitatibus distinctio sit ex.','repudiandae','93',NULL,'2017-01-05 07:49:28','2011-08-20 11:55:15'),
('23','3','23','Esse amet et et aliquam et ex quas. Quia vel facere eum suscipit. Similique dolorem impedit sint.','nam','0',NULL,'2013-05-25 00:08:56','1977-12-05 18:37:29'),
('24','4','24','Numquam consequatur et eius beatae quae ipsam aut fuga. Et ut qui dolor. Consequatur iusto omnis id nulla. Eum expedita quo quibusdam praesentium aut eos vitae.','unde','24874942',NULL,'1986-07-08 21:25:56','1970-07-04 03:25:15'),
('25','5','25','Voluptas quam omnis rerum porro id porro quisquam. Illum excepturi eum aut itaque. Dicta nostrum architecto culpa vel maiores deleniti quas. Quia debitis ipsam voluptatem illo dolores illum doloremque.','et','27',NULL,'1979-07-25 01:36:25','2005-11-07 18:42:33'),
('26','1','26','Eos consequatur et quisquam ut voluptatibus ipsam. Aperiam ut tempora rem corporis. Laudantium earum tempore qui quia. Laboriosam ab aliquam quidem dolores id.','sit','4',NULL,'1997-03-24 22:05:30','2011-10-22 01:08:42'),
('27','2','27','Molestias omnis sed molestias mollitia. Perferendis esse facilis repudiandae eius velit. Blanditiis eius incidunt aliquid. Aliquid officia magni modi.','voluptatibus','6',NULL,'1983-03-10 05:54:48','1986-04-13 09:29:48'),
('28','3','28','Dolor quia fugit dolorum. Officiis deserunt error iste aut. Necessitatibus sequi deserunt sunt eveniet. Tempore animi architecto dolores inventore possimus qui qui.','rerum','270682313',NULL,'1973-04-07 18:32:07','1996-03-12 04:34:12'),
('29','4','29','Dolor voluptas voluptates et. Sint cupiditate sed libero sit. In perferendis exercitationem quibusdam quo placeat qui quidem. Dolor enim perferendis est necessitatibus odit.','inventore','961',NULL,'1997-07-10 11:21:41','1977-06-06 18:11:27'),
('30','5','30','Eos est voluptatem ut fugiat ut. Voluptatem et ducimus nihil neque. Magnam accusamus aut possimus repudiandae molestias voluptas aliquam atque.','omnis','6443838',NULL,'1988-06-06 05:50:44','1987-01-31 18:19:46'),
('31','1','31','Corporis debitis officiis pariatur nihil harum veniam. Est temporibus vel nihil nam fuga eveniet tenetur temporibus. Repudiandae fugiat dolor minus nisi.','ipsum','798494',NULL,'2005-02-25 00:00:17','2020-01-24 06:26:18'),
('32','2','32','Eligendi error eos blanditiis corporis voluptatibus fugiat rem. Omnis molestiae odio ab aut minus quaerat. Et alias voluptas voluptatem animi.','incidunt','899',NULL,'1991-02-09 04:31:49','1978-11-18 02:01:25'),
('33','3','33','Accusantium sit rerum voluptas voluptas tempore et. Deleniti ad dignissimos non accusamus aspernatur. Perferendis optio dolore dolores tempora expedita odit architecto.','rerum','599575967',NULL,'1988-06-08 02:10:13','2011-10-06 02:39:42'),
('34','4','34','Autem ipsam veniam debitis. Ut cumque ut corrupti nihil tempore repellat accusamus. Dolores doloribus et sequi pariatur.','adipisci','385',NULL,'1972-10-21 15:51:55','2011-12-12 06:31:01'),
('35','5','35','Consequatur et culpa rem doloribus et. Reiciendis dolor velit occaecati animi.','rerum','3029239',NULL,'1980-02-05 10:39:11','1980-05-05 11:40:53'),
('36','1','36','Autem laudantium et aut eos. Nisi vero et officiis omnis. Qui quibusdam quis dignissimos voluptatem doloremque nihil distinctio.','et','8',NULL,'1974-12-03 16:56:14','1970-03-05 12:38:28'),
('37','2','37','Quis quia recusandae perspiciatis ducimus totam qui saepe. Perferendis iste hic et voluptatem eos dolores. Debitis distinctio consequatur molestias beatae non eius. Eum id non dolores eum dolorem et molestiae. Est possimus autem eum officiis quia asperiores cupiditate.','quia','78740408',NULL,'1971-02-23 13:46:46','1984-03-16 14:06:33'),
('38','3','38','Ipsum reiciendis vel temporibus consequatur. Laudantium sunt laudantium et ea a eum esse. Accusamus quibusdam omnis dignissimos aut quibusdam quidem. Est rerum vero aliquam iste eius voluptates.','et','1565',NULL,'2004-04-14 00:20:44','2015-07-18 06:01:17'),
('39','4','39','Qui quis dolore nesciunt voluptate dolorum. Dolorem accusantium ut non velit sequi rerum iste. Sunt nemo consequatur magnam rerum rerum nesciunt itaque. Aut odit eaque laboriosam debitis. A quo quisquam et aliquam.','voluptas','8',NULL,'2010-11-23 07:45:38','1995-08-10 16:57:18'),
('40','5','40','Assumenda animi error nulla minima placeat earum suscipit. Et cupiditate adipisci dolorem fugiat. Doloribus sed quibusdam consequatur vel cum asperiores suscipit. Facere qui tempore dolor cum repudiandae.','illum','31',NULL,'2011-02-07 11:19:40','1991-02-15 10:47:12'),
('41','1','41','Veniam fuga temporibus molestias aut. Autem itaque eaque ipsam et ut corrupti dolore sunt. Et beatae et enim eum occaecati at voluptatibus.','sed','72779',NULL,'1989-06-23 11:29:44','2014-08-13 10:38:34'),
('42','2','42','Similique quos sint nobis ut sunt. Autem ex error et excepturi consequuntur maiores id culpa. Et est dolorem consequuntur aut quasi facere perferendis. Sint quas ratione illo consequuntur ullam explicabo qui.','dolore','685704543',NULL,'1975-10-27 00:03:48','1982-02-21 09:15:10'),
('43','3','43','Eligendi dicta praesentium necessitatibus ut. Dicta ratione aut placeat. Explicabo et eveniet commodi consequatur explicabo aut.','debitis','14',NULL,'1976-09-14 23:18:31','2004-11-20 15:05:48'),
('44','4','44','Voluptas corporis quisquam similique ex id omnis impedit sit. Autem sunt tempore dolores perspiciatis. Quod minus ut totam optio qui eos. Aliquam possimus doloremque distinctio dolorum quos.','voluptatem','6',NULL,'1998-12-19 22:14:07','1997-04-06 14:27:16'),
('45','5','45','Harum velit perferendis placeat aliquam voluptas laborum. Expedita aperiam commodi rerum assumenda. Ducimus sed et vero laboriosam. Voluptatem ipsum eaque soluta rem et sint.','molestiae','2815330',NULL,'1989-12-15 23:20:45','1988-10-16 20:24:13'),
('46','1','46','Eum est sit et delectus suscipit qui aut. Placeat quasi voluptatem et architecto illum veritatis quasi distinctio. Maiores iure qui dolores nisi quas asperiores tempora.','assumenda','56',NULL,'1975-06-25 19:51:30','2003-05-09 04:12:10'),
('47','2','47','Velit ut voluptas harum veniam quis quia. Ut in minus voluptas laudantium eum. Non maxime nulla accusantium non saepe ex voluptas.','aut','7872737',NULL,'1997-05-28 19:06:49','1994-07-07 23:10:53'),
('48','3','48','Vero nihil illo qui doloribus sapiente. Eum deserunt adipisci nam tempora sunt quia non. Ratione aut dolorum dignissimos corporis quae voluptatem ab magnam. Qui nobis provident adipisci modi. Eligendi quam nobis enim unde.','voluptas','0',NULL,'1973-01-05 10:04:32','1996-03-04 05:09:11'),
('49','4','49','Quam qui non provident iste quo incidunt repellendus fuga. Omnis sint minima iusto perspiciatis voluptate. Voluptatibus itaque quasi doloremque tempora fugiat et sed.','consequatur','3162141',NULL,'2000-01-26 18:47:53','2005-11-12 19:54:18'),
('50','5','50','Optio itaque quam non eaque sequi. Voluptate est quisquam vitae ut ad aut ipsum. Suscipit beatae temporibus nobis possimus ducimus quia enim.','qui','280',NULL,'2001-03-24 08:05:22','2006-12-12 03:22:15'),
('51','1','51','Officia sunt voluptates quos nulla maxime. Facere harum rerum qui corrupti. Nisi accusamus sint corporis fugiat molestias repudiandae. Vel ut sed repudiandae qui doloremque consequatur.','facilis','10',NULL,'1970-04-23 20:36:15','1996-03-31 07:03:23'),
('52','2','52','Quo qui ratione quos consectetur dignissimos. Odit inventore asperiores sint amet consequuntur pariatur ut. Voluptas ipsa temporibus porro consequatur.','fuga','333',NULL,'1985-03-23 09:45:35','2019-10-14 14:09:46'),
('53','3','53','Quam debitis qui quia ab. Voluptatum neque numquam tempora ab illum vel architecto. Nobis illo aut est quis quam. Labore maxime qui aut fuga perspiciatis.','laudantium','0',NULL,'1986-08-14 09:56:04','1982-09-08 06:09:03'),
('54','4','54','Delectus voluptate labore deleniti odit itaque quia. At aut libero doloribus molestias non placeat autem. Veniam aut illum quisquam rerum esse.','doloremque','0',NULL,'1976-04-10 23:36:50','1998-05-28 04:18:44'),
('55','5','55','Repudiandae aperiam cum eveniet vero. Atque qui voluptas et placeat qui quo ducimus esse. Facere dolorem aut nesciunt nam molestiae odio. Et minus sed ipsa est suscipit vero iusto.','porro','0',NULL,'1995-10-13 18:51:33','1982-12-19 07:48:56'),
('56','1','56','Deleniti omnis maxime exercitationem. Aspernatur repellat omnis qui qui aperiam quo. Et nisi quaerat at debitis facere ipsum.','asperiores','4061',NULL,'2013-04-07 22:47:38','2006-06-30 15:32:47'),
('57','2','57','Quod voluptate quos soluta est ab dolore quisquam. Quia temporibus ea libero aliquam ex rerum.','est','1037',NULL,'1983-08-06 18:29:22','2006-06-25 04:42:42'),
('58','3','58','Doloremque ratione repudiandae voluptatem. Molestiae at sapiente animi dolor a perferendis. Est assumenda quibusdam totam et. Nihil asperiores numquam vitae id autem.','harum','57041',NULL,'1985-02-27 08:40:15','1991-06-07 01:58:36'),
('59','4','59','Beatae enim voluptatem autem deserunt ea ea consequatur. Vel est exercitationem quas non sed cum rerum.','officiis','7',NULL,'2009-12-31 01:24:48','1977-11-13 08:57:43'),
('60','5','60','Expedita accusantium aliquam odit. Vel exercitationem aut necessitatibus culpa ratione est. Iusto voluptatibus architecto sed amet aut. Autem et dolorum et ea eum est. Similique et pariatur aliquid ad.','exercitationem','241122176',NULL,'1997-03-21 17:40:29','2003-12-19 15:16:12'),
('61','1','61','Nobis a molestiae voluptatem et. Autem animi optio officia qui aut possimus. Quisquam sint reprehenderit qui. Enim et eum iste aut animi dolores voluptate.','magni','727322613',NULL,'1999-08-01 00:13:40','2014-04-18 05:00:42'),
('62','2','62','Voluptatibus id dolorum qui vel. Debitis et qui blanditiis hic. Qui delectus occaecati ipsum voluptatem. Aliquam pariatur qui saepe voluptas reprehenderit quis inventore.','unde','74',NULL,'1974-07-23 17:00:39','1990-07-07 03:29:33'),
('63','3','63','Enim et vel quibusdam accusantium dolores sed vel. Voluptatem qui dolore alias consectetur consequuntur dolores. In ut sunt sunt voluptatum eaque deserunt incidunt asperiores.','ratione','91796',NULL,'2007-09-25 10:28:56','2006-05-25 09:57:59'),
('64','4','64','Sequi reiciendis voluptas doloremque maxime deserunt. Et iure et quia omnis. Temporibus tempora voluptate quae esse voluptatibus.','et','80926748',NULL,'2005-08-27 17:55:18','2015-11-02 12:30:22'),
('65','5','65','Ut ducimus est ut sunt perspiciatis nulla. Molestias consectetur voluptates eveniet qui eveniet qui. Quam ut corrupti minima aut ipsa.','voluptas','57390',NULL,'1977-06-27 03:05:07','1973-12-30 21:01:05'),
('66','1','66','Cumque at atque et quia corrupti qui. Id iusto odit error assumenda incidunt modi. Aliquid eligendi amet non saepe pariatur et libero ut. Tempora ratione eveniet quia quia officiis praesentium.','qui','833713495',NULL,'1979-10-30 13:46:01','1979-11-25 23:32:33'),
('67','2','67','Ut eligendi doloribus aut ducimus. Corrupti veniam fuga eum non. Laudantium non nesciunt fugiat blanditiis. Omnis non dolorum est ut maxime excepturi.','necessitatibus','74103652',NULL,'1984-06-11 19:47:05','1980-04-07 04:54:01'),
('68','3','68','At ipsa dolor sunt non. Vitae consequatur voluptate nulla itaque incidunt facilis sunt. A provident voluptatum aut quis accusamus.','iure','427539',NULL,'1992-05-15 23:00:12','2016-07-06 22:17:27'),
('69','4','69','Dolorem inventore voluptatem sed qui sunt vero mollitia. Quia quaerat expedita error id ut soluta. Omnis sint odio temporibus pariatur. Consequatur doloribus aliquid voluptate quas.','consectetur','215',NULL,'2010-11-09 18:40:46','2019-09-12 22:58:34'),
('70','5','70','Fugiat rerum minima maiores eos aliquam. Laborum nulla quia est at officia voluptates. Dolore adipisci ex ut et excepturi quod.','sit','2',NULL,'1978-10-17 06:23:52','2015-08-12 14:45:38'),
('71','1','71','Saepe et ex nobis adipisci. Aut repellat consectetur aspernatur et. Temporibus alias magni eum consectetur.','ea','7431',NULL,'2003-05-25 22:57:27','1974-12-13 02:40:39'),
('72','2','72','Laboriosam id expedita earum rem. Unde aspernatur et facilis at quos qui dignissimos eligendi. Et ut dolor omnis perferendis voluptatem nemo eum.','illo','78081527',NULL,'1989-02-09 23:33:04','2019-04-26 03:38:16'),
('73','3','73','Velit eaque eum non expedita nisi harum. In sapiente sit mollitia quo quis. Incidunt suscipit aut numquam.','illum','8829',NULL,'2004-12-28 05:14:50','2013-11-27 15:49:03'),
('74','4','74','Eius nisi omnis amet voluptas in corporis aliquid esse. Qui et quia asperiores nihil quae non nesciunt. Quam unde amet dolor ratione aspernatur itaque voluptas. Reprehenderit molestiae ipsam vel qui itaque libero aut.','molestias','7289890',NULL,'2006-10-18 14:50:49','1987-07-14 02:18:33'),
('75','5','75','Architecto ut et quia occaecati culpa porro. Aliquam culpa autem beatae in architecto esse est qui. Enim dolorum dolorum beatae consequatur cum nisi.','adipisci','13',NULL,'1995-04-19 01:53:41','2000-08-14 06:18:26'),
('76','1','76','Sunt voluptatem dolore tenetur repellat illum. Soluta eligendi nemo eos et qui praesentium ut dolor. Earum et quos nulla aut sequi itaque. Deserunt ut qui alias. Illum molestiae ipsa eius et voluptate.','qui','8104',NULL,'1978-07-18 06:11:09','2005-06-14 15:31:55'),
('77','2','77','Sed suscipit tempora labore et. Voluptatum sunt sequi totam aut facere vitae. Sed sed magni earum dolores. Omnis atque magni mollitia.','ut','632312171',NULL,'1988-05-31 18:30:23','2018-04-26 21:22:53'),
('78','3','78','Fuga maiores facilis ut exercitationem dolor. Occaecati et aliquid nobis mollitia sunt. Adipisci illum qui voluptatum maiores sit dolorum quisquam consequatur. Veritatis maxime eligendi rerum.','non','94415',NULL,'2017-12-08 13:30:12','1972-02-15 08:35:24'),
('79','4','79','Reprehenderit qui provident nobis quod enim sunt sit. Aut laudantium ut aut voluptatibus provident. Ut in et commodi libero explicabo iusto ratione quia. Harum rerum et sed dolorem dolore. Non aspernatur inventore numquam.','aliquam','272',NULL,'2016-08-07 00:55:33','1981-03-13 13:09:32'),
('80','5','80','Incidunt enim nesciunt voluptas maiores. Accusantium aut autem rerum et eos nihil corporis. In et quidem consequuntur alias quia labore numquam ducimus.','quia','2',NULL,'2014-04-08 22:34:19','2015-03-25 03:15:18'),
('81','1','81','Modi vel quis architecto tempora velit. Et ipsa in dolorem.','maiores','1',NULL,'2003-12-07 04:40:56','1980-10-18 23:05:58'),
('82','2','82','Eum qui id inventore reiciendis beatae quo repellendus. Nam beatae quasi et qui placeat porro. Neque sit nostrum dicta cumque fugit placeat autem.','voluptas','0',NULL,'2008-07-14 23:47:17','2002-01-27 02:46:28'),
('83','3','83','Sequi quo dolorem voluptatum fuga. Quos nobis expedita architecto esse minima ratione aut. Aut rerum cumque alias perspiciatis fugiat et.','dicta','5001',NULL,'1970-10-08 12:44:34','1995-05-05 20:38:22'),
('84','4','84','Quia dolores laboriosam consequuntur. Earum cum vitae veritatis inventore. Necessitatibus voluptatem est eos eum. Exercitationem tempore numquam et adipisci dolor.','iusto','4',NULL,'2008-03-08 10:49:07','1982-05-26 13:31:06'),
('85','5','85','Cupiditate quas iste quibusdam fugiat ut animi minus. Est quis voluptate quia voluptates. Nisi et doloremque reiciendis.','animi','2191815',NULL,'2001-10-17 14:04:30','1986-05-30 02:17:03'),
('86','1','86','Exercitationem odit delectus voluptatibus quo voluptatum. Alias officiis voluptas minima nobis fuga velit. Dolorem quia tempora labore magnam tenetur consequatur est. Velit reiciendis excepturi quis quisquam eos repellendus tempora.','quidem','4396229',NULL,'1995-07-07 13:31:33','1994-08-31 19:18:21'),
('87','2','87','Voluptatem iusto impedit unde consequatur iusto voluptatem molestiae. Amet dolorem laborum rerum consequatur aut iure. Numquam aut quas commodi rerum culpa a earum.','dolorum','654',NULL,'1976-11-09 13:29:32','1995-10-17 14:36:19'),
('88','3','88','Cumque quod aut voluptatibus sed accusantium. Reprehenderit rem saepe nihil doloribus temporibus quos. Vitae reiciendis laboriosam cupiditate eveniet nam quod beatae. Qui fugit non et dolores molestiae.','et','3369185',NULL,'2015-06-06 16:36:49','2004-05-27 18:03:30'),
('89','4','89','Modi suscipit omnis totam qui. Minus voluptas quos qui doloribus error. Repudiandae ratione ea praesentium corporis reiciendis quaerat qui. Aut dolorum officia aut.','accusamus','2021',NULL,'1973-10-22 08:50:06','2016-08-02 19:53:24'),
('90','5','90','Assumenda in iste recusandae illo deleniti. Exercitationem modi ab voluptatibus deleniti. Ipsa aut quis omnis repellat.','ut','1',NULL,'1980-10-20 12:16:03','2014-05-30 10:31:53'),
('91','1','91','Debitis occaecati repudiandae sed possimus. Illum eum officiis maxime libero veritatis dolorem. Nemo optio fugit quisquam laudantium ab.','dolores','44202',NULL,'1970-10-09 06:58:04','2009-01-17 11:52:50'),
('92','2','92','Et ullam et eveniet. Et maxime est autem voluptatem. Possimus cum molestiae temporibus fugiat dolores doloribus expedita. Autem laboriosam beatae voluptatem recusandae autem dolor.','nihil','211176225',NULL,'1994-03-06 17:51:17','1978-01-27 16:30:38'),
('93','3','93','Vero ullam facilis hic ullam autem porro culpa. Ipsa quia consequatur corporis. Id ut eos officiis voluptatum error consequatur reiciendis.','corporis','7',NULL,'1974-07-14 10:20:34','2015-04-03 23:57:44'),
('94','4','94','Laborum molestiae possimus quia labore tempore. Earum eos est tempore tempore id eligendi consequatur. Commodi placeat non consequatur enim.','minima','6',NULL,'1996-12-07 11:25:34','2016-10-18 14:31:09'),
('95','5','95','Est deleniti reprehenderit aut sed animi. Architecto dolores quisquam repudiandae aut tempore ducimus minus omnis. Ullam dolores et aspernatur. Iste sunt et veritatis vitae quae officia.','itaque','74957',NULL,'1973-02-01 09:24:50','1978-07-06 11:09:13'),
('96','1','96','Iste blanditiis aliquid enim. Similique repellendus voluptatem omnis et. Officia eum qui sed ratione nulla nostrum. Pariatur aut totam nesciunt voluptas.','porro','186',NULL,'1980-08-05 05:02:28','1989-12-20 07:01:35'),
('97','2','97','Sed quod debitis amet quia temporibus. Voluptatibus modi necessitatibus dignissimos expedita. Quia et quidem odit eveniet.','rerum','35076327',NULL,'1992-02-15 18:15:24','1980-08-24 00:40:16'),
('98','3','98','Qui vero non perspiciatis eius nisi facere. Enim excepturi est blanditiis voluptas quia vel voluptas consectetur. Quia earum rem animi. Placeat ullam est cupiditate sunt quo quidem. Deleniti esse expedita neque et labore omnis ut voluptates.','assumenda','681852517',NULL,'1978-07-20 09:26:58','1970-02-10 18:20:06'),
('99','4','99','Veniam maxime ea reiciendis laudantium ut asperiores officia reprehenderit. Iure commodi doloribus quis dignissimos. Aut ipsam omnis in sapiente id cum labore.','est','0',NULL,'2010-05-12 05:34:08','1988-01-23 10:09:30'),
('100','5','100','Architecto velit delectus nam maxime quia. Soluta sed reiciendis qui labore ipsa. Eveniet velit ex error dolores est. In deserunt non sint pariatur molestiae nemo vitae porro.','enim','0',NULL,'2012-10-16 02:45:56','2000-07-16 04:55:10'); 


DROP TABLE IF EXISTS `media_types`;
CREATE TABLE `media_types` (
  `id` bigint(20) unsigned NOT NULL AUTO_INCREMENT,
  `name` varchar(255) COLLATE utf8_unicode_ci DEFAULT NULL,
  `created_at` datetime DEFAULT current_timestamp(),
  `updated_at` datetime DEFAULT current_timestamp() ON UPDATE current_timestamp(),
  PRIMARY KEY (`id`)
) ENGINE=InnoDB AUTO_INCREMENT=6 DEFAULT CHARSET=utf8 COLLATE=utf8_unicode_ci;

INSERT INTO `media_types` VALUES ('1','inventore','1989-02-18 21:49:20','1977-03-03 19:24:33'),
('2','veniam','1982-04-27 23:08:46','2007-02-09 04:48:06'),
('3','nihil','2001-05-18 02:04:49','1984-12-11 01:20:45'),
('4','est','2020-01-21 15:20:04','1989-12-02 01:20:16'),
('5','fugiat','2000-02-21 13:03:49','1991-05-06 03:21:04'); 


DROP TABLE IF EXISTS `messages`;
CREATE TABLE `messages` (
  `id` bigint(20) unsigned NOT NULL AUTO_INCREMENT,
  `from_user_id` bigint(20) unsigned NOT NULL,
  `to_user_id` bigint(20) unsigned NOT NULL,
  `body` text COLLATE utf8_unicode_ci DEFAULT NULL,
  `created_at` datetime DEFAULT current_timestamp(),
  PRIMARY KEY (`id`),
  KEY `messages_from_user_id` (`from_user_id`),
  KEY `messages_to_user_id` (`to_user_id`),
  CONSTRAINT `messages_ibfk_1` FOREIGN KEY (`from_user_id`) REFERENCES `users` (`id`),
  CONSTRAINT `messages_ibfk_2` FOREIGN KEY (`to_user_id`) REFERENCES `users` (`id`)
) ENGINE=InnoDB AUTO_INCREMENT=124 DEFAULT CHARSET=utf8 COLLATE=utf8_unicode_ci;

INSERT INTO `messages` VALUES ('1','1','1','Ea id temporibus amet aut quo. Tenetur ut ea est omnis nisi. Consequatur minus minus sit consectetur quibusdam doloribus. Qui voluptatem inventore rem inventore odit et.','2012-11-25 00:34:44'),
('2','2','2','Aliquid est blanditiis animi dolorum. Impedit natus eius quia iure eos. Rerum maxime atque delectus quod sunt nostrum. Dolorem molestiae ex nam facere aut.','2010-02-21 20:10:21'),
('3','3','3','Nesciunt aspernatur quod nisi qui. Eum natus quibusdam corrupti suscipit et expedita enim. Molestiae minima repellat recusandae illum ipsam. Repellendus voluptatem unde est illum sint voluptatem qui.','1996-03-28 19:43:38'),
('4','4','4','Soluta similique est alias vel. Ea quod incidunt autem molestias est. Temporibus ea nulla voluptatem pariatur et impedit asperiores. Et illum ex et voluptas est eligendi nemo eos.','1988-10-29 14:50:16'),
('5','5','5','Mollitia architecto sed expedita adipisci repellendus voluptas eaque voluptas. Debitis culpa ad ratione ut rerum doloribus deleniti eum. Ex sunt qui mollitia quia velit.','1972-04-15 17:33:18'),
('6','6','6','Eveniet libero voluptatem accusantium voluptate quidem unde. Placeat dolorem suscipit consequatur odit sunt sint ex. Aut error non earum quasi.','2006-03-25 15:04:10'),
('7','7','7','Laudantium quae perferendis eum rerum facere necessitatibus ea. Sint repudiandae ullam rem voluptatem eum. Corrupti dolor molestiae unde tempore.','1997-10-22 10:59:48'),
('8','8','8','Nihil qui ut dolores vitae sed eos. Nobis sed vitae rerum quia. Maxime ut dignissimos magni sapiente. Facere nostrum nobis sequi.','1986-12-04 21:55:13'),
('9','9','9','Minus illo dolore est sapiente ut expedita vitae. Unde illum molestiae nobis necessitatibus. Maxime deserunt sint eveniet. Incidunt est quam nemo dolorum natus.','2002-12-04 05:32:43'),
('10','10','10','Corrupti quod tenetur ab officia impedit commodi qui. Impedit est nihil unde et sit sed. Et corrupti excepturi soluta molestias rerum. Et earum blanditiis omnis in.','2012-09-10 06:18:16'),
('11','11','11','Quod consequuntur tempore maiores distinctio dolorem. Et natus ipsa adipisci atque fugit quo fugit. Quaerat assumenda nisi ut deleniti distinctio qui. Necessitatibus natus placeat quia corrupti.','2001-04-30 23:16:45'),
('12','12','12','Debitis vel esse voluptatem aliquid. Sunt et occaecati et dolorum atque. Magni qui molestias voluptatem. Quis officia a possimus amet enim et ut.','1974-02-05 23:08:05'),
('13','13','13','Asperiores qui veritatis quisquam ut. Doloribus aut voluptatem voluptate perferendis. Enim perferendis consequatur laudantium optio ut. Officia ullam delectus qui enim rerum laudantium aspernatur quis.','1987-04-29 06:25:25'),
('14','14','14','Qui id quidem commodi. Quidem labore tempore quisquam et harum quis. Molestias amet molestiae amet voluptatem nemo consequatur ea.','2014-12-31 20:28:50'),
('15','15','15','Voluptate amet in aut eum animi sunt. Quia non fugit et dicta. Iusto vel fugiat ratione doloribus nisi iste odio. Ut omnis dignissimos eos distinctio repellat.','1981-12-31 10:40:06'),
('16','16','16','Deleniti debitis voluptas et nihil ut autem et. Omnis iure quibusdam voluptatibus sint id aut. Placeat suscipit rem quisquam voluptatem illo pariatur excepturi sed. Doloribus consequatur non impedit eos magnam rerum. Esse autem quisquam aliquid odit.','1997-07-30 10:43:16'),
('17','17','17','Omnis et est expedita qui vel rerum sed. Velit fugiat aut nam eum aut. Est est voluptatem modi eum.','2012-08-19 21:37:20'),
('18','18','18','Saepe voluptatibus laudantium recusandae. Laborum voluptatibus id molestias dignissimos. In tempore magni perferendis. Sunt qui sit quos est aut.','2014-05-08 11:52:02'),
('19','19','19','Mollitia voluptates rem aliquid odio. Ut aut asperiores hic atque consequuntur. Odit dolor cumque assumenda quaerat beatae. Voluptatem nemo qui aut. Dolorum doloribus in eos quod soluta voluptates impedit ex.','2009-07-23 15:36:45'),
('20','20','20','Fugiat dicta aliquam laudantium omnis dolore animi tenetur. Numquam magni sed labore voluptatem sint enim earum labore. Velit iste laudantium corporis labore perspiciatis.','2016-10-18 13:20:22'),
('21','21','21','Sint sit fugiat nemo possimus impedit ex. Quaerat in nulla repellendus consequatur et. Voluptatem nostrum suscipit provident possimus eveniet enim. Cumque earum odit ducimus ut.','1974-10-13 04:44:56'),
('22','22','22','Rerum dolores vero harum. Maiores voluptatem cumque et consequatur autem qui suscipit. Autem dolorum ea fugiat quidem aliquid magnam.','2007-11-08 17:59:12'),
('23','23','23','Nobis sequi atque quam sunt aut voluptatem quia. Incidunt et itaque ut inventore. Quasi ut rem non neque architecto eos. Consequatur rerum sit perferendis quibusdam.','1976-09-21 13:48:49'),
('24','24','24','Est cupiditate doloremque sit iure. Temporibus eum aliquid non repudiandae officiis. Consequatur distinctio impedit tenetur odio. Dicta sint tempora repellendus debitis et. Qui est minus dolor et libero rerum libero.','2004-04-29 03:25:11'),
('25','25','25','Unde enim impedit dolorem illo temporibus ut ut. Mollitia qui harum est ut nostrum. Unde numquam minus modi mollitia.','1987-01-23 23:49:23'),
('26','26','26','Enim minus ad at mollitia. Doloremque quia ut assumenda eius velit et consequatur. Illo nihil officia sunt occaecati aspernatur. Quo est veniam maiores.','2011-03-03 04:00:48'),
('27','27','27','Quibusdam eligendi atque enim accusamus accusamus beatae. Ex modi modi quia. Dolor tenetur rem sint molestiae. Exercitationem alias quia dolore quo quisquam impedit illum consectetur.','1994-12-13 21:10:25'),
('28','28','28','Quia voluptatem ipsa impedit. Assumenda quidem rerum perspiciatis harum aut assumenda odit in.','2008-04-12 23:07:04'),
('29','29','29','Ut quis nobis odio et est odit eaque. Aut ea rerum expedita numquam unde beatae rerum. Blanditiis nobis dolore autem minus animi esse.','2017-08-21 23:25:27'),
('30','30','30','Adipisci qui nobis necessitatibus ut aspernatur. Rerum voluptates recusandae vitae consequatur quidem aut. Sit enim dicta nemo nihil alias sint quam. Nihil aperiam reprehenderit tempora et qui deleniti et soluta.','2006-03-16 12:32:25'),
('31','31','31','Vitae error aut saepe velit occaecati. Nam veritatis est recusandae consequatur. Eligendi exercitationem officia magnam.','1998-08-14 13:30:14'),
('32','32','32','Odit maxime neque facilis minima sit. Vel optio et occaecati in.','1973-12-06 08:53:17'),
('33','33','33','Saepe et distinctio consequuntur vitae dolores delectus. Omnis consequuntur eum culpa. Maiores nulla ducimus iusto illum et est. Blanditiis tempora quisquam similique totam cupiditate aut ex dolorum.','1987-09-19 17:20:51'),
('34','34','34','Et nihil dolorem nihil provident perferendis dolores et. Eos sit libero atque sint tempore cum dolor. Tempore totam quia autem est architecto sint nulla. Repudiandae autem voluptatum fuga quos architecto totam.','1994-09-08 16:35:46'),
('35','35','35','Consequatur molestias exercitationem qui vel nobis voluptate omnis. Non quia soluta ipsam ipsa quibusdam delectus dolores ut.','1973-11-09 19:59:40'),
('36','36','36','Atque illo enim doloribus laudantium voluptas non. Omnis tempora odit optio eius quam. Eaque voluptatem ut quis voluptatem laborum quam voluptatem. Porro illum illo doloribus.','2019-09-14 02:51:26'),
('37','37','37','Pariatur repudiandae libero non necessitatibus occaecati. Inventore commodi officiis nostrum et numquam. Aliquid qui illum consequuntur necessitatibus fugiat tempora accusamus. Explicabo ea saepe at qui.','2001-08-22 01:53:52'),
('38','38','38','Voluptatem et sunt eum. Quia molestiae iusto aut repellat animi. Cumque amet maiores magni ut asperiores. Officiis dicta dolorem corporis rem.','1981-08-07 04:56:11'),
('39','39','39','Eum repudiandae nihil sed occaecati et quia facere. Sint nulla quis ipsam ipsa atque nemo delectus deleniti.','2011-01-14 02:49:10'),
('40','40','40','Aperiam necessitatibus mollitia aut architecto et. Rem impedit aut earum nemo doloremque. Error est numquam vel. Optio in est ratione dolorum cumque mollitia.','1971-10-14 02:14:09'),
('41','41','41','Dolor hic mollitia fugit nihil magni sed quisquam facilis. Deleniti provident praesentium vero adipisci velit sit non eveniet. Qui maxime accusantium aut enim rerum labore accusantium.','2011-11-21 10:44:08'),
('42','42','42','Quia blanditiis distinctio dolorem quibusdam. Eum qui eius et quam numquam ullam. Occaecati reprehenderit nisi omnis et rem voluptatem in. A quia hic alias possimus.','1996-02-26 19:27:57'),
('43','43','43','Perspiciatis eos assumenda reiciendis qui eveniet fuga. Magnam aspernatur quae voluptas voluptates hic beatae error. Sequi rerum esse mollitia mollitia. Et corporis aut et nemo illum dignissimos eos sequi.','1989-05-25 22:35:00'),
('44','44','44','Adipisci eum nihil rerum. Laboriosam velit deleniti fuga ut dolorum temporibus sit. Ab dolorem et sed dolorem recusandae est saepe est.','2000-11-05 03:41:25'),
('45','45','45','Qui iusto non vero consectetur. Soluta asperiores animi repudiandae. Sit recusandae cumque optio deleniti repellendus est. Excepturi odio cum ut. Qui sapiente dolor molestiae quibusdam consectetur nihil ut.','1987-04-09 10:45:35'),
('46','46','46','Quam fugit odit molestiae sed neque. Quis mollitia at quia sapiente et et nihil. Est quae sit cum mollitia. Placeat praesentium sit aspernatur et doloremque tempore similique.','1982-04-11 20:01:58'),
('47','47','47','Rerum id laboriosam qui rem distinctio qui. Et veritatis voluptates asperiores voluptatem omnis molestiae quisquam neque. Consequatur aut dolores dolore reiciendis consequatur veritatis eum.','2001-06-13 13:16:37'),
('48','48','48','Omnis impedit eligendi distinctio minima. Distinctio saepe natus possimus officia necessitatibus aut qui. Eveniet inventore minima suscipit sunt commodi aut consequatur velit. Repudiandae quo vel sit nostrum.','2009-12-31 07:47:00'),
('49','49','49','Labore esse ea voluptas voluptatem laudantium eum adipisci. Voluptas impedit voluptatibus impedit. Omnis est laboriosam qui cum eos aspernatur pariatur. Dolore soluta cumque dolore vitae.','2007-01-15 17:52:24'),
('50','50','50','Tempore asperiores consequatur veniam magnam id sed dolore. Nam enim consequatur velit reprehenderit quo omnis repellat non. Quia aperiam exercitationem facere.','1980-07-13 07:43:45'),
('51','51','51','Tenetur non excepturi rerum maiores ipsa ipsa. Modi ratione corrupti quo fugiat voluptatem rem. Culpa provident et nobis ea tenetur placeat.','1986-05-03 02:21:07'),
('52','52','52','Dolorem amet atque maiores pariatur doloremque. Rerum rerum eos sint. Officiis ducimus voluptatem exercitationem eum pariatur. Enim non recusandae beatae ut.','2006-08-02 13:29:44'),
('53','53','53','Incidunt ea accusantium qui. Illum veritatis eius eos accusantium nihil exercitationem vel.','2017-06-06 17:28:33'),
('54','54','54','Distinctio et maiores error veniam. Et debitis aliquid voluptate nemo. Odit architecto amet perspiciatis quae aut.','2003-02-12 16:18:22'),
('55','55','55','Aspernatur architecto mollitia temporibus dicta dolores. Illum a alias nemo est. At officia aut non laudantium.','2019-05-31 23:06:37'),
('56','56','56','Dolor ut quaerat velit rem. Praesentium magnam aut porro quo aliquid sequi. Blanditiis magni eius praesentium et. Rerum nostrum qui exercitationem voluptatem earum quia.','2014-08-13 13:24:39'),
('57','57','57','Provident est aut enim esse. Iusto nostrum ea ut placeat corrupti id. Non dolor rerum autem molestiae.','1972-01-05 01:00:02'),
('58','58','58','Ut deserunt asperiores fugit omnis et. Accusantium molestiae dolor natus rerum similique ad a.','2008-02-18 21:47:38'),
('59','59','59','Deserunt sunt ut est cum sint architecto. Dolorem debitis quidem aut. Ab ut sit numquam. Inventore modi explicabo velit ipsam ab quis. Nemo laudantium dicta temporibus qui.','2006-05-23 12:37:33'),
('60','60','60','Illo occaecati suscipit et quae dolore commodi. Hic blanditiis et error voluptatem tenetur. Aut qui inventore modi ullam expedita sed.','1991-10-23 01:29:30'),
('61','61','61','Sed dolorum vitae velit autem deleniti nesciunt. Doloribus sed qui asperiores esse ducimus. Aut iusto iure assumenda. Rerum voluptas dolores consequuntur.','1992-05-02 11:11:43'),
('62','62','62','Est sint architecto eos iusto modi ut perferendis. Et est doloremque qui id velit quis est quis. Qui exercitationem quia ea iure officiis corrupti vel.','1994-02-24 16:28:27'),
('63','63','63','Ut illo tempore labore perspiciatis unde culpa dicta. Iusto dolores est officia eos eaque accusantium ut.','2011-07-05 22:01:45'),
('64','64','64','Non nulla molestias magnam accusantium unde. Non in consequatur et nam est in. Voluptas ea aut cum alias veritatis.','1990-09-01 07:00:35'),
('65','65','65','Suscipit nemo blanditiis labore expedita non sapiente voluptatibus sed. Cumque aut quas provident omnis nostrum sunt. Reiciendis iure aut omnis dolores non dolores velit. Voluptatem numquam totam veniam maiores beatae saepe officiis.','2001-02-02 11:44:32'),
('66','66','66','Commodi quia hic quod quasi dolorem illo at. Debitis perferendis aliquam aperiam hic adipisci. Libero ipsa velit commodi. Iure facilis aut porro et illum aut earum.','1994-06-29 17:55:00'),
('67','67','67','Aperiam eum maxime officia ad fuga delectus. Et consectetur tempore ducimus dolorum occaecati et quaerat. Minus ut ut est iusto non.','2008-12-02 13:31:59'),
('68','68','68','Et ut ratione mollitia dignissimos laborum voluptatem voluptatem. Omnis vel ea eum nobis et culpa. Asperiores odio quis ut qui.','2006-06-18 23:45:32'),
('69','69','69','Illum nesciunt sapiente maxime. Nihil aut alias est non iure quas accusantium praesentium. Ea minima est corporis quia nemo odit.','1982-08-29 18:56:40'),
('70','70','70','Culpa natus aut aut vero in et et eum. Earum ut ut aut eos veniam et. Dicta iure id et. Illum odio autem in culpa cupiditate vel aperiam voluptate.','1982-10-05 19:05:15'),
('71','71','71','Asperiores esse ex officia alias eos natus. Enim distinctio harum sunt voluptatem voluptas. Enim ullam reiciendis rerum quis id.','1996-11-01 17:34:04'),
('72','72','72','Neque omnis nihil eveniet iure. Et eligendi aut harum placeat dolorem. Maiores non accusamus fugit. Aspernatur in expedita maxime cupiditate voluptatum ut eos.','1981-12-18 03:54:58'),
('73','73','73','Ab fuga consectetur quibusdam dolor. Ullam nesciunt quidem qui soluta. Ut officiis aliquid quis neque. Vel dolorum et voluptates et.','1992-02-28 02:12:53'),
('74','74','74','Rerum voluptates accusantium minus aspernatur eligendi. Ipsam et est autem animi in. Non delectus nam et voluptatem voluptas dolorem. Ad a ut numquam aut ipsum corrupti.','1973-05-15 17:41:38'),
('75','75','75','Velit alias rem ullam voluptatem repellat sint. Aut et totam minus excepturi laboriosam. Asperiores velit perferendis laborum ut id. Est quo repellat maiores sint est perferendis tenetur.','1984-09-01 12:26:10'),
('76','76','76','Provident voluptas enim sunt expedita iure. Enim quidem quia nemo itaque.','1994-10-11 14:42:17'),
('77','77','77','Nesciunt velit eaque dignissimos et. Vero pariatur qui ut sit natus. Omnis modi fugiat aut nemo quia ipsam dolorem. Eum reiciendis et a.','1983-08-31 09:10:21'),
('78','78','78','Ab culpa praesentium et quia consectetur. Illum repellat consequatur exercitationem optio inventore. Explicabo velit velit ut. Quaerat eum velit veniam quisquam quam iure.','2003-12-18 00:29:12'),
('79','79','79','Et atque quae tempore vel occaecati recusandae corporis. Maxime illum esse vero. Et ratione tempora quos deserunt reiciendis sit.','2019-01-03 19:51:23'),
('80','80','80','Suscipit ab est totam vel voluptates. Natus voluptas minus ad perspiciatis omnis eius voluptas. Et architecto est velit voluptas consequatur ipsum accusamus.','1979-03-12 14:54:01'),
('81','81','81','Repellat blanditiis sequi possimus facilis ullam. Est aut et dignissimos atque. Fuga quasi delectus voluptatem quam non. Fugit sunt ipsa amet asperiores ex.','2000-03-24 16:17:11'),
('82','82','82','Repudiandae quam quas facere illum ipsam quia itaque. Et consectetur autem voluptate nihil. Nobis quia illo nobis et.','1976-10-02 22:52:28'),
('83','83','83','Id esse sapiente et veritatis. Enim sed dolorem aliquam totam. Quod dignissimos tenetur perferendis qui et.','2019-03-30 06:20:05'),
('84','84','84','Facilis voluptas id voluptates quia. Nemo perspiciatis aut ullam nisi maxime eum et. Quia minima quam dolor dolorem magni maxime voluptates.','2008-03-12 08:51:06'),
('85','85','85','Ab aut voluptatem officiis sint. Ex optio commodi et odit. Eveniet unde laborum voluptate quia dolorem rerum. Quas beatae est reprehenderit qui tempora soluta.','1994-02-09 15:00:52'),
('86','86','86','Quaerat soluta expedita enim enim non dignissimos praesentium enim. Aut aspernatur laborum quo neque voluptatem eum voluptas. Ut consequatur exercitationem sed veniam totam. Non quia nihil voluptatibus quos.','1985-12-22 03:36:14'),
('87','87','87','Ab soluta iure voluptatem doloribus in explicabo sunt. Maiores unde harum facilis magni quas soluta quasi. Magnam veniam quia aperiam animi ea.','2000-09-16 15:18:37'),
('88','88','88','Perferendis consequatur quia id odio. Quia unde neque ratione. Aut nihil dolorem unde quia amet ratione est voluptatem. Itaque voluptatem impedit porro omnis.','2010-04-09 12:02:39'),
('89','89','89','Voluptatem maxime libero rerum qui quos placeat aut. Ab rem sunt quidem maxime. Nobis ad illum adipisci accusamus eos illo perspiciatis.','2004-03-26 03:31:57'),
('90','90','90','Officia et error explicabo consectetur similique sapiente quae eaque. Dolore earum accusamus fugit ipsa amet rem. Dolorem eum fugit voluptas porro. Distinctio iste doloremque cumque.','1973-03-20 23:21:00'),
('91','91','91','Voluptate non dolorum laborum porro incidunt aut fugiat. Nulla impedit dolorem aut temporibus. Necessitatibus quibusdam libero veritatis exercitationem et dolor et.','1992-07-05 14:21:17'),
('92','92','92','Autem enim eaque voluptas sequi ipsam. Eos corporis provident molestiae maxime. Ullam voluptas est facilis fuga quasi accusamus veniam. Sed voluptatem eius ullam sit.','1972-10-25 09:47:16'),
('93','93','93','Velit exercitationem inventore in corporis molestias. Reiciendis error facilis ea voluptates reprehenderit. Distinctio quo repudiandae accusamus quis similique quod alias harum. Nulla reprehenderit perspiciatis et.','1996-12-08 11:58:12'),
('94','94','94','Sunt deserunt nobis vero cupiditate quo rem. Natus omnis dolorum vitae eos quis voluptatem. Eum recusandae aut qui sequi culpa ex.','2006-05-31 22:47:53'),
('95','95','95','Dolorem ad qui inventore corrupti iure ea. Consequatur officia qui voluptas et dolores omnis. Nobis nihil et amet nulla nemo.','1971-08-06 19:01:32'),
('96','96','96','Minus fugiat rem voluptatem saepe. Omnis veritatis non numquam qui minus ea et recusandae. Est eligendi accusantium suscipit rerum omnis qui repudiandae voluptates.','2019-10-28 00:36:29'),
('97','97','97','Qui adipisci maxime molestiae assumenda eveniet laboriosam maiores. Totam similique non magni voluptas est ullam voluptatem dolore. Eligendi asperiores maxime numquam. Qui quisquam assumenda vel voluptatem nam ut cumque.','1997-07-04 04:03:41'),
('98','98','98','Corrupti est eligendi exercitationem. Beatae voluptatum earum sequi. Nobis reprehenderit eius soluta est et rem accusamus.','2010-05-22 01:36:46'),
('99','99','99','Ad dolor vero aliquam. Maiores numquam quia quibusdam ex. Voluptatem minima molestiae amet.','1989-09-19 21:35:32'),
('100','100','100','Molestiae rerum blanditiis illum aut veniam id ut. Repudiandae repudiandae aperiam occaecati enim nihil quis. Eius ex eos velit quae illum dolorem.','1995-05-24 03:33:18'),
('101','1','1','Fuga exercitationem provident omnis velit. Sit voluptatibus ad qui natus earum voluptate voluptas aut. Voluptate et in reiciendis repellendus odio.','1989-12-08 08:27:21'),
('102','2','2','Voluptates vel et odit itaque. Eaque corporis non dolore. Minus aut aspernatur vitae ad. Repellendus sit alias nulla eum.','1988-12-14 01:17:10'),
('103','3','3','Veniam dicta ad inventore velit. Ducimus est enim eveniet asperiores. Molestias maxime labore nemo facere rerum sit. Tempora sequi in necessitatibus et accusamus.','2009-01-22 09:52:07'),
('104','4','4','Ea saepe sint et. Voluptatem totam et quia sit voluptas. Rem labore minima suscipit. Delectus doloribus aut quia.','1972-12-30 01:30:11'),
('105','5','5','Illum consequatur aspernatur et qui. Hic molestias voluptas qui ea sit eum expedita. Odio quo porro atque. Id sint non dolores veritatis dolor.','1982-07-07 05:35:45'),
('106','6','6','Minus explicabo nihil praesentium facilis qui est vel libero. Voluptate perspiciatis sapiente et quidem enim doloribus explicabo. Quo doloribus molestiae tenetur nemo sit saepe unde.','2006-07-04 16:33:31'),
('107','7','7','Expedita architecto omnis amet culpa vitae. Soluta velit exercitationem et praesentium. Ut aperiam qui sit voluptatum blanditiis.','2009-10-31 22:29:20'),
('108','8','8','Soluta et velit ut nisi. Voluptates quam doloribus modi minus. Et quisquam voluptate et minima fugit fuga. Ratione fuga cum aut assumenda reiciendis sit impedit.','2015-01-24 18:30:17'),
('109','9','9','Qui sed et qui vel cupiditate. Voluptatem aut aspernatur numquam pariatur et recusandae velit. Expedita voluptatem blanditiis debitis.','2005-09-24 12:33:30'),
('110','10','10','Aspernatur iure voluptatem consequatur minus. Numquam ipsum dolores provident ea beatae culpa. Consequuntur laudantium ipsum quos.','1990-12-03 12:41:11'),
('111','11','11','Asperiores vitae aut dolor. Et enim velit et deserunt quia blanditiis reiciendis. Suscipit officiis suscipit et esse ex non.','1974-04-15 07:56:18'),
('112','12','12','Provident praesentium perferendis quasi incidunt magni velit. Deserunt ipsam et blanditiis. Praesentium dolore et laudantium adipisci minima. Sed unde rem et dolores provident et. Voluptatum debitis eveniet nam voluptas aut.','1997-06-13 12:02:03'),
('113','13','13','Tempore quidem accusamus soluta consequatur laudantium iure deserunt. Aliquam dicta minima necessitatibus consequatur. Dolore cum consequatur rem quis ipsa consectetur quas minus. Aliquam et qui explicabo necessitatibus totam debitis quia labore.','2004-12-29 12:12:57'),
('114','14','14','Quae voluptatem quo excepturi autem. Sed veniam dolorem dolore et rerum eveniet. Consequatur ea qui enim alias. Rerum aperiam vel atque. Inventore qui minima omnis qui vel id rerum sed.','1988-12-07 06:15:55'),
('115','15','15','Officia excepturi commodi consequatur. Deserunt a alias ut rerum quam omnis. Iusto harum eum eveniet dolores voluptatem velit. Libero sint veniam cupiditate id in quas.','1978-06-21 20:56:57'),
('116','16','16','Reprehenderit eos eum et aut aut magni. Voluptatem quaerat laboriosam adipisci quod consectetur voluptates est necessitatibus. Aut fugiat saepe quia velit enim fugiat non. Illum vel id veniam et animi earum magni amet.','1981-09-21 04:10:01'),
('117','17','17','Magnam velit nesciunt ducimus porro. Nihil sed voluptatum reiciendis molestias nam. Et quaerat mollitia aliquam ut. Ea numquam illo ipsum autem vitae natus aut nesciunt. Hic fugiat id odio molestiae minima ipsum vero.','2009-03-18 11:42:12'),
('118','18','18','Reprehenderit sit ut ea aut. Natus corrupti dolorem minima. Qui sint nesciunt asperiores sit aut impedit at. Libero hic quos quis nostrum. Officia accusamus minus doloremque fugiat.','1997-08-13 14:31:08'),
('119','19','19','Consequuntur ut incidunt ipsum magni incidunt accusamus esse. Facere omnis tenetur cupiditate ipsum expedita iste dolore aut. Earum reprehenderit corporis ullam voluptas corrupti maiores. Aperiam dignissimos corporis nulla et dolorem incidunt. Animi minima quia aperiam ea odit.','1993-12-28 04:34:59'),
('120','20','20','Perspiciatis eos ut quisquam qui. Earum voluptatibus error voluptatem ut quis. Eaque architecto labore voluptatibus dolor.','2013-02-05 05:25:03'),
('121','21','21','Dicta et autem occaecati molestiae cupiditate error non. Sunt dolorem sed facere labore est. Ut molestiae accusamus aut. Adipisci quibusdam sed minus qui molestiae optio voluptatum quidem.','1972-03-12 04:24:15'),
('122','22','22','Voluptatum numquam porro necessitatibus ipsum distinctio aliquam aperiam. Porro aut iste excepturi in nobis velit qui. Et voluptate doloribus quia at qui illo rerum. Eligendi ea numquam sunt illum a et nulla.','2000-07-13 18:56:57'),
('123','23','23','Quia dolore quam ipsam sed molestias reiciendis. Molestias dolores fugit dolorem voluptatem voluptatem unde.','1991-06-27 12:56:15'); 


DROP TABLE IF EXISTS `notofications`;
CREATE TABLE `notofications` (
  `id` bigint(20) unsigned NOT NULL AUTO_INCREMENT,
  `user_id` bigint(20) unsigned NOT NULL,
  `body` text COLLATE utf8_unicode_ci DEFAULT NULL,
  `created_at` datetime DEFAULT current_timestamp(),
  `readed` tinyint(1) NOT NULL,
  `media_id` bigint(20) unsigned DEFAULT NULL,
  PRIMARY KEY (`id`),
  KEY `user_id` (`user_id`),
  CONSTRAINT `notofications_ibfk_1` FOREIGN KEY (`user_id`) REFERENCES `users` (`id`)
) ENGINE=InnoDB AUTO_INCREMENT=101 DEFAULT CHARSET=utf8 COLLATE=utf8_unicode_ci;

INSERT INTO `notofications` VALUES ('1','1','Esse culpa possimus autem sit. Nihil itaque quae cupiditate suscipit maxime itaque asperiores. Nulla laborum deleniti atque aut. Architecto quis beatae earum sed voluptas.','1995-02-24 13:06:35','0','1'),
('2','2','At eius odit recusandae. Aliquid tempora sed cupiditate. Provident non dignissimos cumque veniam. Non cupiditate ut consequatur quam nisi vel.','2012-08-05 00:44:05','0','2'),
('3','3','Molestiae accusamus non omnis impedit. Unde qui iusto rerum temporibus vitae quo at. Quisquam reiciendis pariatur sit soluta est dolor nulla. Saepe expedita cum ratione ut sit.','2006-11-14 17:46:45','0','3'),
('4','4','Officiis nostrum id ducimus iure aut. Numquam rerum in quisquam unde soluta repellat. Et harum rem harum omnis qui nam suscipit. Aperiam et dolorem ducimus culpa maxime atque suscipit.','1986-03-06 00:11:34','0','4'),
('5','5','Velit odit similique quis necessitatibus. Ea eum molestias dolores sint eum corporis. Nisi ipsam ipsam minus non sed iure. Quod nam exercitationem recusandae assumenda aspernatur nesciunt et et.','2014-12-29 13:02:39','0','5'),
('6','6','Nemo voluptatem quam dolore sit distinctio. Odit soluta rerum ea. Voluptatem aliquam debitis amet delectus. Velit adipisci ratione dolorem.','1999-05-10 20:37:58','0','6'),
('7','7','Harum aut quia qui quas. Ea consequatur qui neque eum. Quibusdam inventore odio non eum praesentium. Et quo alias est est consequatur sed.','1995-08-13 21:43:30','0','7'),
('8','8','Necessitatibus voluptatem corporis quos. Sint nemo iusto quam vitae repellendus consequatur. Fugiat unde laborum odit incidunt rerum sequi est cum. Possimus nihil eveniet quis quos ut.','1982-04-15 16:02:04','0','8'),
('9','9','Consequatur blanditiis omnis omnis unde. Et reiciendis dolores dolore ut quae temporibus inventore. Maxime officiis magnam fugiat at. Reprehenderit et ut sunt soluta quae.','1992-09-15 15:30:03','0','9'),
('10','10','Laborum labore magnam quia omnis est asperiores aut. Placeat odio magni atque architecto magnam necessitatibus. Laudantium reiciendis ratione laudantium velit earum numquam sequi. Eos sed qui itaque sit tempore.','1984-01-17 03:45:47','0','10'),
('11','11','Inventore est quo eum voluptatum. Illum maxime ratione maxime. Nostrum qui voluptates voluptatem.','2010-03-12 09:04:00','0','11'),
('12','12','Sunt omnis cumque et nihil. Consectetur commodi qui et non a animi aperiam.','1971-11-06 02:20:51','0','12'),
('13','13','Placeat et qui modi. In placeat dolorum tempora ut fugit. Et voluptatum reiciendis ipsa.','2017-12-07 00:39:23','0','13'),
('14','14','Aliquam dignissimos nostrum corporis ipsum occaecati qui. Laboriosam quis ut sit illo dolorem dolores. Quia facilis aut aut ex ab.','1992-11-07 03:21:46','0','14'),
('15','15','Ratione ut sit quo vero nobis. Vel quibusdam esse alias aut similique nihil tempore. Soluta necessitatibus quia aperiam laudantium est minima adipisci.','2017-01-22 00:17:58','0','15'),
('16','16','Vitae pariatur et quia aut magni ad modi. Dicta fugiat velit cum quibusdam amet deleniti. Sunt qui eum tempore soluta eum.','2004-11-11 15:24:46','0','16'),
('17','17','Qui rerum perferendis id nulla aut. Quia ex labore eaque nobis quas maxime. Aut a aut enim accusantium inventore voluptatum.','1981-03-17 04:49:21','0','17'),
('18','18','Et ut perferendis dignissimos magnam eaque quis nemo. Odit qui accusamus illo unde dolores illum. Id animi aliquid amet error a sint.','1990-01-26 21:32:20','0','18'),
('19','19','Maiores maiores ea omnis est. Maiores laborum fuga delectus veritatis. Aperiam error mollitia consequatur minus enim. Nostrum amet iusto repudiandae.','2010-02-18 02:42:48','0','19'),
('20','20','Natus tenetur assumenda adipisci temporibus sed. Quis rerum ea corporis. Enim libero hic nostrum. Est et ad ullam saepe.','2004-09-14 14:39:50','0','20'),
('21','21','Et pariatur assumenda doloribus suscipit soluta in. Ipsum sed similique nobis rem officia dignissimos accusantium.','1995-11-08 12:17:46','0','21'),
('22','22','Modi esse deserunt at qui consequatur. Officiis vel ipsum est dolor quos. Velit veritatis dolores incidunt voluptatum.','2012-11-26 10:02:08','0','22'),
('23','23','Consequuntur voluptatem tempore explicabo autem voluptatum facere. Suscipit sed incidunt rem iusto commodi rem voluptatem. Non iste ut eos incidunt quod officia.','2009-04-07 14:22:52','0','23'),
('24','24','Nulla id in et omnis id amet. Et et blanditiis accusamus ratione. Ut repellat qui nulla magni omnis aut. Maiores perferendis sapiente enim voluptas aliquam eveniet.','1998-12-14 02:23:38','0','24'),
('25','25','Consequuntur libero voluptas laboriosam omnis sed. Ea optio quae explicabo adipisci ut deserunt. Possimus iusto et deleniti debitis corrupti. Occaecati molestiae alias corporis eligendi voluptas iste quas.','1994-05-18 07:13:45','0','25'),
('26','26','Error qui voluptas quasi delectus ullam sit. A omnis deleniti rerum et voluptas accusantium ad. Quia voluptas voluptatibus quia harum. Ut aut corporis necessitatibus quas accusantium aut.','2016-07-31 06:14:01','0','26'),
('27','27','Impedit molestias ad magnam ut consequatur. Rerum nihil maiores perferendis non nulla sed. Id facilis velit est qui velit nostrum sed. Temporibus occaecati qui vitae excepturi culpa qui.','1995-07-14 10:48:45','0','27'),
('28','28','Voluptatibus deleniti assumenda consequatur illo corrupti exercitationem. Dolor repudiandae illo eum laudantium. Eligendi culpa earum aut et.','1973-09-06 05:53:22','0','28'),
('29','29','Animi neque vero quasi excepturi ex. Ut atque qui dolorem vel velit et accusamus quas. Voluptas rem ipsa et repellendus.','1978-12-02 13:11:09','0','29'),
('30','30','Nihil quam cumque optio neque porro rerum. Incidunt iste accusamus explicabo aut eaque inventore.','1978-09-27 06:13:46','0','30'),
('31','31','Exercitationem voluptatem quasi possimus aliquam distinctio ut. Praesentium dolore nisi in provident et tempore et. Natus magni reprehenderit labore doloremque accusamus qui quia.','1978-08-20 19:30:34','0','31'),
('32','32','Aut tenetur molestiae dignissimos. Voluptas ea aperiam officia voluptatibus quas nisi. Cum qui consequatur quisquam ipsa nihil modi odit.','1988-09-17 14:55:31','0','32'),
('33','33','Non veritatis pariatur rerum sed assumenda consequatur modi. Rerum eligendi sunt maxime nisi sint vel. Quam enim voluptatem magni est maiores minus perspiciatis.','1996-04-14 04:43:42','0','33'),
('34','34','Est vero deleniti repudiandae accusamus voluptatibus. Rerum dolore quasi sed rerum nisi facere. Ab blanditiis explicabo minima soluta non quia repellat. Praesentium facere et ex. Rerum iste vel veritatis facere aut exercitationem.','1977-09-12 06:55:40','0','34'),
('35','35','Pariatur et necessitatibus id non cum. Aliquam enim perferendis et omnis quis qui. Atque voluptatem impedit sed quia dolore. Vel dolores enim commodi reprehenderit laudantium minima possimus.','1976-10-17 12:48:42','0','35'),
('36','36','Quia ut expedita ut provident omnis est. Magnam omnis omnis eaque esse.','2018-10-08 03:04:31','0','36'),
('37','37','Ut cum et doloribus. Eos itaque enim sapiente. Maxime eum quod eius omnis repellat enim reiciendis aut.','2011-10-17 18:32:15','0','37'),
('38','38','Dolor qui repudiandae ex ut est ut. In quas et aut et nulla. Aut voluptatem dolore itaque praesentium id quam. Quas quia et ut eum id nihil. Qui aut cupiditate voluptatem tempora iure expedita.','1974-06-20 21:36:21','0','38'),
('39','39','Unde eveniet eum consectetur ea. Aperiam ut sit iusto et necessitatibus eos. Modi necessitatibus qui debitis aut voluptatem. Quam non aut ipsum eligendi recusandae sunt magni. Inventore ab sunt eius est.','1996-11-20 09:24:24','0','39'),
('40','40','Qui ullam ut sunt cupiditate quia tempora alias. Autem quidem repellendus dolorem ullam inventore et ex. Vel vel non sit odit laudantium qui.','1976-08-18 17:15:48','0','40'),
('41','41','Quibusdam aut nesciunt ipsam impedit velit veritatis quo rerum. Facere et rerum consequatur est placeat. Mollitia quam distinctio occaecati dolores nulla corporis aut.','2010-06-02 18:05:24','0','41'),
('42','42','Est ut dignissimos voluptas perspiciatis voluptatibus temporibus aut. Nostrum tempore laudantium magnam labore. Perspiciatis harum blanditiis ut.','2018-06-18 14:03:46','0','42'),
('43','43','Voluptate nobis aut et recusandae laboriosam expedita. Non fugit excepturi voluptas commodi quod. Sed voluptate voluptatem itaque inventore. Dolores rerum voluptas pariatur ut enim.','1979-11-16 19:53:06','0','43'),
('44','44','Deserunt qui dolorem dolor rerum. Aliquam et facilis rerum excepturi aut quia voluptatem dignissimos. Esse dicta corporis rerum nobis eaque numquam temporibus. Atque voluptas atque neque est rerum consectetur.','1978-07-05 02:08:26','0','44'),
('45','45','In veniam omnis perferendis iure qui. Amet odio dolore sunt itaque. Adipisci natus deleniti quaerat voluptas assumenda eum.','1980-05-15 04:28:10','0','45'),
('46','46','Numquam quidem ut quis veniam. Totam suscipit consequuntur odit voluptatibus in. Autem ea magni inventore consectetur qui aut sed.','2002-07-27 20:46:12','0','46'),
('47','47','Dolorum optio dolor exercitationem earum quam pariatur. Necessitatibus hic sequi voluptatem commodi reiciendis ut itaque voluptatem. Aut saepe architecto aliquam numquam similique. Ad repudiandae veniam sed id officia harum et.','1991-01-03 03:03:02','0','47'),
('48','48','Tempore laborum dolorum eligendi debitis. Nulla et impedit cumque consequatur aliquid non perspiciatis. Dolores similique unde reiciendis amet eveniet quis.','2018-05-15 02:39:34','0','48'),
('49','49','Ut ipsum voluptas facere aut. Tenetur dolorem ut inventore quidem assumenda et. Nam et reiciendis quia non.','1981-07-26 10:50:08','0','49'),
('50','50','Quam sit facere est alias. Eum delectus nulla nihil rerum aut atque quam. Cupiditate minus quia sit. Magnam laboriosam itaque sed et et sit facilis.','1989-05-23 22:43:38','0','50'),
('51','51','Ipsum occaecati fuga magni dolores quia velit porro sunt. Aperiam ut est quos explicabo aut vel. Itaque sed mollitia iure suscipit eos.','2014-11-06 04:17:01','0','51'),
('52','52','Qui dolor molestias non nam fugiat odit. Totam voluptatem et illum suscipit nesciunt. Porro ex libero qui quia. Voluptatem quam ipsum provident facere aut qui nihil.','2011-04-25 09:05:53','0','52'),
('53','53','Possimus dolorum id nulla provident. Blanditiis voluptatibus eveniet nemo perferendis molestias assumenda qui. Et officia ut temporibus dolor est id molestiae. Odio et et voluptatem quasi et qui.','1997-01-27 08:07:00','0','53'),
('54','54','Omnis deserunt aut voluptatem quidem et. Nulla soluta ut eum. Aperiam ipsam doloribus velit quo.','2016-02-17 14:06:25','0','54'),
('55','55','Rem qui consequatur quis iure. Enim id veritatis reprehenderit. Sequi voluptatem quos aut non.','1974-07-04 23:03:04','0','55'),
('56','56','Exercitationem itaque odit ea facilis mollitia ea. Ut et blanditiis cupiditate corporis dolore magni. Est magni sit at voluptas repellat quia iste. Eligendi sit ea impedit iure molestias aut.','2018-06-27 16:04:43','0','56'),
('57','57','Nam molestias repudiandae sed accusamus sint. Illo ab id dolor incidunt magnam. Neque quas deserunt eos molestias. Aspernatur sit id numquam ad magni earum laboriosam velit.','2003-03-05 16:27:53','0','57'),
('58','58','Deleniti sed quaerat consequatur. Delectus assumenda distinctio aut. Quia necessitatibus vel asperiores pariatur quo iure cupiditate.','1974-10-01 20:54:38','0','58'),
('59','59','Occaecati veniam ratione blanditiis est qui. Quis impedit laudantium consequatur commodi cumque maxime ut enim. Dicta deserunt quo tempora quod sint qui. Aspernatur sunt sed reprehenderit.','2015-12-06 15:28:23','0','59'),
('60','60','Magnam ab nihil optio ea id sed nesciunt. Soluta consequuntur et distinctio corporis. In quidem iste rem sed. Sint delectus eaque cumque voluptas.','1995-07-24 14:53:22','0','60'),
('61','61','Consequatur quae asperiores quae enim unde et. Unde quibusdam culpa natus laboriosam sunt provident maiores. Illo nisi atque quasi. Excepturi voluptas repudiandae perferendis quo cupiditate corporis.','1971-08-11 11:46:11','0','61'),
('62','62','Molestiae minus et eum odit eligendi et temporibus corporis. Delectus dolorem perferendis nulla tenetur repellendus alias. Et ex officiis quod voluptatem iste sed ea sit.','2019-08-17 16:38:27','0','62'),
('63','63','Facere architecto totam consequatur sunt perferendis laudantium. Perferendis veritatis laboriosam nobis corrupti amet eum. Molestiae eligendi est est.','1986-06-11 01:38:54','0','63'),
('64','64','Error fugiat ab qui aperiam illo. Ut quod reiciendis aut maxime aspernatur dolores. Qui quo odit maxime omnis ea. Consequatur aperiam minima est laboriosam atque eligendi impedit aspernatur.','1992-11-29 03:52:09','0','64'),
('65','65','Dolor dolore id voluptatem perferendis quas labore. Quis illo ut voluptatem rerum in. Et dolores qui minus sed. Rerum error voluptatum quia incidunt libero voluptas. Est delectus aut error sunt excepturi ut.','1995-08-31 04:26:57','0','65'),
('66','66','Dolorem qui dolorem deserunt labore aspernatur sed. Tempora qui tenetur ut inventore. Quia vel cum error ut omnis quisquam voluptatem. Exercitationem ut repellat laborum rerum.','1997-10-17 23:28:18','0','66'),
('67','67','Rerum voluptatem id consequuntur officia vero quis molestiae. Non illo at temporibus qui consequatur culpa corrupti. Et nisi doloribus aliquid tempore fuga et enim.','1991-12-29 22:20:24','0','67'),
('68','68','Cupiditate nulla quam perspiciatis iusto ipsam animi reprehenderit. Fugiat natus deleniti non esse dolorem. Quam placeat aut architecto et.','2008-10-05 21:19:59','0','68'),
('69','69','A et exercitationem enim ullam soluta. Est enim qui quasi et quos voluptatem.','2015-12-24 12:00:38','0','69'),
('70','70','Facere sit voluptate ad perspiciatis est quia. Culpa doloremque quod sunt dicta vel alias. Voluptas qui sequi officiis. Molestiae eos iusto et iusto qui.','2016-12-22 02:40:53','0','70'),
('71','71','Quos et voluptatem incidunt non excepturi. Soluta architecto deserunt velit temporibus dicta. Quis quidem est sed velit voluptas temporibus. Temporibus deserunt totam laudantium fugiat sed aliquam et voluptatem.','2019-07-19 21:22:14','0','71'),
('72','72','Eos quo delectus quia atque a et. Et vel facere a qui. Laudantium enim aut molestias excepturi. Architecto qui rerum animi quaerat.','1994-11-09 21:26:57','0','72'),
('73','73','Et ullam sed quisquam beatae sit modi ut quis. Aspernatur aperiam eum et ut suscipit reprehenderit. Non et qui qui facere optio. Assumenda perspiciatis in eos atque perferendis consequatur aut.','1980-06-18 10:14:41','0','73'),
('74','74','Quod a quod temporibus blanditiis ipsum in totam. Non quibusdam laudantium rem similique voluptates aut dolor.','2018-07-11 08:57:38','0','74'),
('75','75','Impedit omnis perferendis earum aliquid vel consequuntur. Non ut aut libero voluptas saepe. Et facilis unde dolor numquam quam.','1996-06-11 15:54:22','0','75'),
('76','76','Quam inventore dolore hic suscipit ducimus laboriosam molestiae. Cum maiores quaerat animi dolores autem quasi inventore. Nisi explicabo non quia et culpa magnam harum. Dolor inventore assumenda blanditiis eligendi rerum inventore. Aut sint sed inventore fuga consequatur.','1983-08-05 17:31:08','0','76'),
('77','77','Tenetur sed voluptas quis aut qui velit. Voluptatem explicabo dolores sequi quam rerum. Non at praesentium itaque blanditiis inventore quos laboriosam nostrum. Et consectetur eum laudantium reprehenderit voluptatem aut.','2017-07-21 10:42:38','0','77'),
('78','78','Et incidunt vel exercitationem. Ea accusantium sint unde sit cumque quo. Voluptas sint harum similique.','2005-06-02 21:20:22','0','78'),
('79','79','Recusandae voluptate officia minima cumque optio. Voluptatem eum voluptas ullam animi distinctio. Commodi illo cum dolore sed et.','1977-10-26 14:59:39','0','79'),
('80','80','Quia alias incidunt temporibus numquam. Quisquam aperiam ut reiciendis officia distinctio quae voluptas. Non sequi cumque et ea unde corrupti.','2009-11-05 02:51:29','0','80'),
('81','81','Corrupti autem mollitia cum eum rerum officia. Aut eligendi sint explicabo ipsum natus facere. Consequuntur ea blanditiis ut adipisci inventore. Eaque et illo aliquam.','1991-10-29 17:58:43','0','81'),
('82','82','Eos est reiciendis dicta enim. Qui eligendi ullam autem quo eum eos minus.','1992-06-12 17:01:09','0','82'),
('83','83','Repellat totam at quasi nostrum ullam vero. Assumenda laboriosam in est veritatis at voluptatem minima unde. Et molestiae minus dignissimos illo eveniet.','1977-01-06 05:00:25','0','83'),
('84','84','Enim illo dolores ea. Eum modi beatae aut odit illo reprehenderit. Fugiat laboriosam non est est. Rerum cum ducimus et sunt ut error enim alias. Explicabo amet et accusantium rem voluptas quis.','1986-01-30 14:16:40','0','84'),
('85','85','Qui voluptatem quia quia vero est molestiae voluptas. Sit voluptatem ea rerum quam perspiciatis illum. Beatae doloribus quia in repellendus occaecati officiis. Dolorum facere eum aperiam atque laboriosam odio. Velit ut nostrum officia laudantium.','1972-02-02 21:01:28','0','85'),
('86','86','Dolore magni doloremque itaque eaque ipsam quia quia. Maxime ea consequatur dolor ut omnis quia est. Earum corporis ut corrupti explicabo. Rem quod esse quibusdam debitis.','1983-02-07 03:28:18','0','86'),
('87','87','Neque praesentium consequatur vel exercitationem id. Neque ducimus explicabo magnam quia perferendis eum. Voluptas omnis aut aliquid commodi incidunt rem. Quasi tenetur quo in voluptas reprehenderit aliquam ut.','2007-01-15 04:43:15','0','87'),
('88','88','Et quasi earum modi consequuntur inventore eos tenetur. Illo veniam nostrum et harum minima.','1974-07-28 05:28:26','0','88'),
('89','89','Ut quae et quia rem at inventore. Quae ex quae asperiores et. Sed tenetur consequuntur asperiores ut ullam reprehenderit minima. Modi itaque laudantium ea nemo omnis quam dignissimos quo.','1993-04-22 10:19:02','0','89'),
('90','90','Aspernatur aliquam iusto fugit sed debitis. Pariatur natus aut nam qui suscipit. Qui ipsum quo at consequatur.','2019-12-06 21:29:38','0','90'),
('91','91','Incidunt ipsa commodi ut voluptatem eveniet perspiciatis dolorem. Cupiditate et unde dolor. Quam harum quibusdam perferendis et. Quia dolores tempore deserunt dicta.','1981-03-23 16:00:07','0','91'),
('92','92','Omnis dolores quia corrupti qui sed perferendis. Aut ipsa et dolore repellat. Consequatur sint ut eum labore asperiores corrupti.','1997-09-09 15:22:19','0','92'),
('93','93','Beatae sint dolor voluptas distinctio. Quibusdam neque dolores illum repellat voluptatem ut totam illum. Sit iusto velit quas debitis esse voluptatum. Aut eum sed maiores ut ipsum amet aut qui.','2010-04-02 15:59:08','0','93'),
('94','94','Est ea possimus quos nulla nemo eum nemo. Ipsum est hic voluptas atque quod magnam laboriosam. Occaecati officia doloremque asperiores aut et similique. Soluta sit a corrupti ut rerum eos.','1973-12-18 15:12:37','0','94'),
('95','95','Mollitia id at eos. Tempore ipsam nemo cumque dolor ut numquam.','1979-10-22 23:53:36','0','95'),
('96','96','Rem quasi qui accusantium et tempore ab minima. Quos sit voluptate facere ipsa possimus explicabo. Unde et et quaerat. Nihil ut praesentium quia itaque sequi dolore. Veniam voluptas quam eum hic.','2014-01-30 21:27:15','0','96'),
('97','97','Libero velit vitae ut voluptate dolore. Neque laudantium nulla velit harum sint aut consequuntur doloremque. Fugiat et illo nulla nisi. Aut dolorem voluptas dignissimos ut aut odio nihil.','1986-06-20 20:20:06','0','97'),
('98','98','Ratione impedit enim sunt aliquam aspernatur voluptatem labore. Fugiat non velit quidem reiciendis. Est nihil ut eum. Unde aliquam nulla id qui dolor.','2013-03-05 22:25:03','0','98'),
('99','99','Dolore modi necessitatibus rerum commodi et. Minima aut et incidunt aut porro et. Voluptatem facere ut earum velit tenetur quo. Doloremque nihil doloribus minima sint corporis.','2013-10-08 12:10:52','0','99'),
('100','100','Enim sed ex accusantium voluptatem quia saepe. A et dolorem enim commodi. Nostrum inventore aspernatur repudiandae libero ipsam tenetur. Dolores accusamus corrupti reprehenderit perferendis sint accusamus possimus corporis.','1976-04-22 15:46:49','0','100'); 


DROP TABLE IF EXISTS `photo_albums`;
CREATE TABLE `photo_albums` (
  `id` bigint(20) unsigned NOT NULL AUTO_INCREMENT,
  `name` varchar(255) COLLATE utf8_unicode_ci DEFAULT NULL,
  `user_id` bigint(20) unsigned DEFAULT NULL,
  PRIMARY KEY (`id`),
  UNIQUE KEY `id` (`id`),
  KEY `user_id` (`user_id`),
  CONSTRAINT `photo_albums_ibfk_1` FOREIGN KEY (`user_id`) REFERENCES `users` (`id`)
) ENGINE=InnoDB AUTO_INCREMENT=31 DEFAULT CHARSET=utf8 COLLATE=utf8_unicode_ci;

INSERT INTO `photo_albums` VALUES ('1','est','1'),
('2','beatae','2'),
('3','reiciendis','3'),
('4','a','4'),
('5','omnis','5'),
('6','magnam','6'),
('7','perferendis','7'),
('8','est','8'),
('9','ut','9'),
('10','vel','10'),
('11','minus','11'),
('12','maxime','12'),
('13','at','13'),
('14','dolores','14'),
('15','architecto','15'),
('16','ea','16'),
('17','est','17'),
('18','ab','18'),
('19','est','19'),
('20','fugiat','20'),
('21','illum','21'),
('22','quis','22'),
('23','nemo','23'),
('24','repudiandae','24'),
('25','dolorum','25'),
('26','odio','26'),
('27','quia','27'),
('28','in','28'),
('29','assumenda','29'),
('30','ex','30'); 


DROP TABLE IF EXISTS `photos`;
CREATE TABLE `photos` (
  `id` bigint(20) unsigned NOT NULL AUTO_INCREMENT,
  `album_id` bigint(20) unsigned NOT NULL,
  `media_id` bigint(20) unsigned NOT NULL,
  PRIMARY KEY (`id`),
  KEY `album_id` (`album_id`),
  KEY `media_id` (`media_id`),
  CONSTRAINT `photos_ibfk_1` FOREIGN KEY (`album_id`) REFERENCES `photo_albums` (`id`),
  CONSTRAINT `photos_ibfk_2` FOREIGN KEY (`media_id`) REFERENCES `media` (`id`)
) ENGINE=InnoDB AUTO_INCREMENT=91 DEFAULT CHARSET=utf8 COLLATE=utf8_unicode_ci;

INSERT INTO `photos` VALUES ('1','1','1'),
('2','2','2'),
('3','3','3'),
('4','4','4'),
('5','5','5'),
('6','6','6'),
('7','7','7'),
('8','8','8'),
('9','9','9'),
('10','10','10'),
('11','11','11'),
('12','12','12'),
('13','13','13'),
('14','14','14'),
('15','15','15'),
('16','16','16'),
('17','17','17'),
('18','18','18'),
('19','19','19'),
('20','20','20'),
('21','21','21'),
('22','22','22'),
('23','23','23'),
('24','24','24'),
('25','25','25'),
('26','26','26'),
('27','27','27'),
('28','28','28'),
('29','29','29'),
('30','30','30'),
('31','1','31'),
('32','2','32'),
('33','3','33'),
('34','4','34'),
('35','5','35'),
('36','6','36'),
('37','7','37'),
('38','8','38'),
('39','9','39'),
('40','10','40'),
('41','11','41'),
('42','12','42'),
('43','13','43'),
('44','14','44'),
('45','15','45'),
('46','16','46'),
('47','17','47'),
('48','18','48'),
('49','19','49'),
('50','20','50'),
('51','21','51'),
('52','22','52'),
('53','23','53'),
('54','24','54'),
('55','25','55'),
('56','26','56'),
('57','27','57'),
('58','28','58'),
('59','29','59'),
('60','30','60'),
('61','1','61'),
('62','2','62'),
('63','3','63'),
('64','4','64'),
('65','5','65'),
('66','6','66'),
('67','7','67'),
('68','8','68'),
('69','9','69'),
('70','10','70'),
('71','11','71'),
('72','12','72'),
('73','13','73'),
('74','14','74'),
('75','15','75'),
('76','16','76'),
('77','17','77'),
('78','18','78'),
('79','19','79'),
('80','20','80'),
('81','21','81'),
('82','22','82'),
('83','23','83'),
('84','24','84'),
('85','25','85'),
('86','26','86'),
('87','27','87'),
('88','28','88'),
('89','29','89'),
('90','30','90'); 


DROP TABLE IF EXISTS `profiles`;
CREATE TABLE `profiles` (
  `user_id` bigint(20) unsigned NOT NULL AUTO_INCREMENT,
  `gender` char(1) COLLATE utf8_unicode_ci DEFAULT NULL,
  `birthday` date DEFAULT NULL,
  `photo_id` bigint(20) unsigned DEFAULT NULL,
  `created_at` datetime DEFAULT current_timestamp(),
  `hometown` varchar(100) COLLATE utf8_unicode_ci DEFAULT NULL,
  PRIMARY KEY (`user_id`),
  CONSTRAINT `profiles_ibfk_1` FOREIGN KEY (`user_id`) REFERENCES `users` (`id`) ON UPDATE CASCADE
) ENGINE=InnoDB AUTO_INCREMENT=101 DEFAULT CHARSET=utf8 COLLATE=utf8_unicode_ci;

INSERT INTO `profiles` VALUES ('1','F','2007-08-19','1','2002-12-10 09:30:22','New Einobury'),
('2','F','1974-02-04','2','1999-10-10 13:30:18','Rippinstad'),
('3','F','1998-12-21','3','2017-12-19 19:59:59','New Keonstad'),
('4','M','2008-08-13','4','1992-09-22 16:04:40','East Jamisonville'),
('5','F','2010-05-28','5','1990-07-15 10:19:51','Labadiefurt'),
('6','F','1982-02-27','6','2001-01-05 15:32:05','Port Garrisonstad'),
('7','M','2017-08-31','7','1996-01-27 12:13:08','Ciaramouth'),
('8','M','1992-10-15','8','2007-05-20 04:40:21','Sebastianstad'),
('9','M','1998-02-22','9','1982-10-26 23:42:35','Windlermouth'),
('10','F','2013-05-26','10','2006-04-29 07:34:10','Agustinmouth'),
('11','F','2018-08-12','11','1979-09-14 09:57:50','South Harrison'),
('12','F','1975-05-21','12','1979-02-01 22:26:14','Lenoreton'),
('13','F','1977-04-29','13','2019-04-11 07:26:25','Homenickmouth'),
('14','F','1996-07-23','14','2011-02-27 01:13:31','New Arnoldland'),
('15','M','2018-08-11','15','2012-05-04 19:26:33','North Leoniemouth'),
('16','M','2018-06-16','16','1990-12-03 12:27:22','Stefanton'),
('17','M','2010-02-03','17','2013-09-04 01:47:12','Pourosland'),
('18','M','1971-07-21','18','1989-08-12 10:20:08','Americotown'),
('19','F','2004-04-22','19','1988-07-10 09:19:56','New Trinitymouth'),
('20','M','1982-07-25','20','1977-02-26 21:48:28','Bergeland'),
('21','F','2014-07-24','21','1992-11-18 15:30:52','West Coopertown'),
('22','F','1988-11-16','22','2016-07-13 15:34:29','Schoenfurt'),
('23','F','1996-03-08','23','2020-02-23 15:06:31','Mercedesfurt'),
('24','F','1993-01-09','24','2006-10-04 08:56:51','Lake Tressiemouth'),
('25','M','1994-12-22','25','2019-04-21 08:22:32','Corenemouth'),
('26','M','1997-08-13','26','1999-03-25 19:43:50','Lake Berniceberg'),
('27','F','1983-09-06','27','1990-04-21 15:00:21','Cruickshankview'),
('28','F','1980-07-02','28','2001-06-14 07:57:12','Rautown'),
('29','M','1990-07-28','29','1970-11-10 10:55:41','Domenickside'),
('30','M','2017-02-23','30','1987-09-10 20:10:22','Ullrichview'),
('31','F','1974-12-10','31','2012-01-23 23:33:09','Isobelshire'),
('32','M','1993-01-07','32','1997-05-23 20:40:51','South Ila'),
('33','F','1993-05-26','33','2001-05-10 03:18:08','Elouiseside'),
('34','M','2002-10-26','34','2000-02-19 23:05:29','East Geovanny'),
('35','F','1991-07-05','35','2011-07-27 02:37:51','West Chanelleland'),
('36','F','2018-07-30','36','1991-10-07 23:41:41','Port Brian'),
('37','M','1970-09-20','37','2018-06-13 10:47:39','New Ressieview'),
('38','M','2006-07-07','38','2010-11-30 19:58:53','East Alfreda'),
('39','F','2007-04-11','39','1971-06-09 10:33:35','North Edmondbury'),
('40','F','1996-11-14','40','2017-03-15 20:36:09','New Kasey'),
('41','F','2010-10-27','41','1998-08-22 22:39:33','South Haliebury'),
('42','F','1977-04-18','42','2014-08-01 21:21:54','South Cornellstad'),
('43','F','2015-01-22','43','2011-05-23 18:29:20','Lake Bettefort'),
('44','F','2006-09-29','44','2005-10-12 04:23:26','South Llewellynhaven'),
('45','M','2011-12-11','45','1992-03-07 21:34:04','Lake Felicitamouth'),
('46','M','1977-03-21','46','2001-03-08 19:13:04','Omariville'),
('47','M','1987-10-15','47','2001-08-23 05:24:59','Lubowitzhaven'),
('48','F','2004-01-07','48','1994-08-04 03:27:31','Lianafurt'),
('49','F','1984-07-22','49','1998-06-10 04:55:01','North Colton'),
('50','M','1986-06-27','50','2014-11-04 05:21:55','Bauchfort'),
('51','F','2004-06-13','51','1995-05-01 04:11:56','Trantowberg'),
('52','F','1984-01-27','52','2003-10-30 22:03:49','North Aliya'),
('53','M','1975-05-03','53','2015-01-23 20:24:49','Port Dorthy'),
('54','F','1973-12-14','54','2000-05-31 21:46:41','Allenehaven'),
('55','M','1973-05-19','55','2002-01-15 04:36:05','North Nicolaport'),
('56','M','1979-10-01','56','2009-03-27 04:28:00','Port Gaston'),
('57','F','2000-01-06','57','1995-05-25 17:04:26','Kelvinberg'),
('58','M','2014-12-27','58','1982-07-01 10:55:09','East Marieview'),
('59','F','1999-03-26','59','1988-01-22 02:20:42','Camrenville'),
('60','F','1971-09-03','60','1984-08-02 20:17:52','Brauntown'),
('61','F','1974-04-29','61','2009-11-04 07:16:47','Macejkovicbury'),
('62','F','1986-11-01','62','2007-04-06 06:15:53','West Katherineville'),
('63','M','1987-01-22','63','2015-01-24 03:16:38','Hansenfort'),
('64','M','2017-11-18','64','2015-01-05 18:08:11','Raulhaven'),
('65','M','1980-08-04','65','2019-02-26 09:07:05','West Beverlyside'),
('66','F','2013-07-09','66','1982-12-08 20:53:07','Lake Quincystad'),
('67','M','2014-09-15','67','2008-06-16 13:47:20','North Haylie'),
('68','F','1988-05-18','68','2009-10-26 13:55:16','East Juliatown'),
('69','M','2013-05-20','69','1975-04-03 00:57:28','West Mollychester'),
('70','F','2018-01-25','70','2009-06-10 21:02:03','Ankundingfurt'),
('71','F','1994-03-20','71','1994-11-15 11:17:28','North Tanner'),
('72','F','1972-06-24','72','1972-11-06 00:41:53','South Ila'),
('73','F','1999-10-15','73','1992-10-31 06:38:49','Brendaville'),
('74','M','1983-03-21','74','1973-12-16 04:06:46','Port Rosetta'),
('75','F','1976-04-27','75','1977-01-05 21:11:49','Port Trever'),
('76','M','2016-12-12','76','1985-01-06 13:16:36','North Artfurt'),
('77','F','2003-12-03','77','1997-06-12 02:00:47','Alizaville'),
('78','F','1977-02-26','78','1977-08-28 18:30:32','Johnathonfort'),
('79','M','1998-12-07','79','2017-02-27 23:18:02','New Syblestad'),
('80','M','1971-04-01','80','2007-04-05 02:20:11','East Justicehaven'),
('81','F','1978-10-13','81','2017-04-23 05:22:22','Littleville'),
('82','F','1998-02-06','82','1970-01-02 19:50:17','Bodeview'),
('83','F','2004-02-07','83','2001-06-25 12:38:04','Alexysport'),
('84','M','1992-03-17','84','2009-05-07 21:27:30','Grimesview'),
('85','M','2009-08-14','85','2013-03-11 10:22:50','Brekkehaven'),
('86','F','2004-07-30','86','2012-09-02 15:05:37','South Carrollberg'),
('87','F','1992-06-11','87','2009-11-22 14:31:22','Lake Shea'),
('88','M','2004-11-08','88','2005-12-19 00:57:28','North Cali'),
('89','M','2018-02-14','89','2012-05-31 13:04:38','East Ladariusmouth'),
('90','M','1976-01-09','90','2006-04-20 09:24:23','Morarstad'),
('91','M','2008-06-21','1','2002-09-18 03:57:54','Gulgowskiview'),
('92','M','1992-09-12','2','2017-03-04 11:13:00','South Percival'),
('93','M','1971-12-02','3','1982-03-12 00:37:49','Destinystad'),
('94','F','1986-04-21','4','1972-05-16 17:25:39','North Laurence'),
('95','F','2009-04-29','5','1970-10-20 09:49:28','West Pietrohaven'),
('96','M','1992-09-04','6','2019-02-14 11:32:19','Rosarioburgh'),
('97','F','1980-12-31','7','1999-07-22 00:12:58','Vandervortborough'),
('98','M','1971-01-01','8','1989-02-09 07:05:01','North Gregorioburgh'),
('99','M','1984-08-12','9','2005-08-21 04:27:51','New Mistyburgh'),
('100','M','2007-11-05','10','2014-03-03 14:14:43','Westfort'); 


DROP TABLE IF EXISTS `users`;
CREATE TABLE `users` (
  `id` bigint(20) unsigned NOT NULL AUTO_INCREMENT,
  `firstname` varchar(50) COLLATE utf8_unicode_ci DEFAULT NULL,
  `lastname` varchar(50) COLLATE utf8_unicode_ci DEFAULT NULL COMMENT '',
  `email` varchar(120) COLLATE utf8_unicode_ci DEFAULT NULL,
  `phone` bigint(20) DEFAULT NULL,
  PRIMARY KEY (`id`),
  UNIQUE KEY `email` (`email`),
  KEY `users_phone_idx` (`phone`),
  KEY `users_firstname_lastname_idx` (`firstname`,`lastname`)
) ENGINE=InnoDB AUTO_INCREMENT=101 DEFAULT CHARSET=utf8 COLLATE=utf8_unicode_ci;

INSERT INTO `users` VALUES ('1','Darrell','Adams','alek64@example.org','818'),
('2','Frederick','Anderson','alyce40@example.com','232910'),
('3','Zaria','Strosin','rhegmann@example.net','522804'),
('4','Hanna','Rempel','vchristiansen@example.net','0'),
('5','Creola','Windler','liliane.skiles@example.org','1'),
('6','Brianne','Bayer','crist.zaria@example.org','567943'),
('7','Gia','Huels','clara.witting@example.com','160'),
('8','Remington','Hessel','krystina66@example.org','467'),
('9','Jamar','Durgan','hcarter@example.com','1'),
('10','Marilyne','Mitchell','agnes.kling@example.com','0'),
('11','Candelario','O\'Hara','hkrajcik@example.net','7619975469'),
('12','Shanelle','Kub','yundt.florencio@example.com','1'),
('13','Tracey','Considine','walton.aufderhar@example.com','1'),
('14','Vicenta','O\'Hara','ulices74@example.com','386'),
('15','Louvenia','Fahey','noemy18@example.net','737'),
('16','Earnestine','Pacocha','rippin.jackson@example.com','1'),
('17','Jeffry','Howe','toy.chester@example.org','0'),
('18','Astrid','Schmeler','evie26@example.com','0'),
('19','Baylee','Rutherford','stroman.paul@example.com','573'),
('20','Lindsey','Powlowski','pshanahan@example.org','649953'),
('21','Eleanore','Turner','yvandervort@example.net','797424'),
('22','Earnest','Bradtke','bschultz@example.net','391'),
('23','Letha','Wyman','kaia98@example.org','0'),
('24','Mozell','Hagenes','donnelly.amelie@example.org','1'),
('25','Tod','Feeney','eveline.kunde@example.net','0'),
('26','Emie','Renner','cgutkowski@example.org','388'),
('27','Lexus','Dare','mraz.thelma@example.com','1'),
('28','Juvenal','Jenkins','hbosco@example.org','73'),
('29','Furman','Hane','ottilie.cummings@example.com','7'),
('30','Alberto','Kub','ayana.walsh@example.net','3720953428'),
('31','Herman','Wiza','katlyn.brown@example.org','742866'),
('32','Abdiel','Miller','hnikolaus@example.net','0'),
('33','Georgette','Johnson','hettie08@example.org','1'),
('34','Hildegard','Farrell','boyd.baumbach@example.org','0'),
('35','Kaycee','Brakus','torrance69@example.org','5604752730'),
('36','Rosie','Daniel','drobel@example.org','0'),
('37','Rosetta','Rath','minerva.satterfield@example.org','0'),
('38','Else','Gottlieb','lockman.jadon@example.net','1'),
('39','Marcelina','Metz','sporer.marley@example.net','843855'),
('40','Bethel','Smith','tabitha.marvin@example.net','1'),
('41','Isadore','Dibbert','dewitt34@example.com','1'),
('42','Cristina','McClure','aconroy@example.com','0'),
('43','Janis','Schmidt','lstark@example.com','0'),
('44','Jermey','Romaguera','vhills@example.net','179'),
('45','Katrine','Runolfsdottir','hildegard09@example.net','81'),
('46','Earnest','McKenzie','zframi@example.com','1'),
('47','Ephraim','Gibson','kfranecki@example.net','1'),
('48','Eriberto','Stamm','lillian15@example.net','407846'),
('49','Broderick','Witting','rau.emily@example.org','42'),
('50','Chanel','Wolff','emiliano63@example.com','0'),
('51','Kareem','Kessler','trever52@example.org','1'),
('52','Cicero','Mraz','kris.patricia@example.com','240765542'),
('53','Helmer','Considine','felicita.flatley@example.net','420149'),
('54','Albin','Ryan','hbaumbach@example.org','466'),
('55','Keyon','Ledner','langosh.cecelia@example.net','1'),
('56','Garrison','Pacocha','boyer.harold@example.com','561'),
('57','Raegan','Spencer','dcormier@example.org','622337'),
('58','Demarcus','Goyette','leilani.lehner@example.org','0'),
('59','Christina','Spinka','emmett95@example.net','0'),
('60','Lupe','Gleichner','janessa.kreiger@example.net','19'),
('61','Reagan','Mayert','crooks.gilbert@example.net','1'),
('62','Koby','Gislason','quinton39@example.org','0'),
('63','Melyssa','Fadel','anita40@example.net','305'),
('64','Mikayla','Steuber','boyle.fiona@example.org','373'),
('65','Joannie','Lueilwitz','lynch.kailee@example.net','75'),
('66','Marlen','Schmeler','millie25@example.org','1'),
('67','Magnus','Schaefer','tristin46@example.net','794'),
('68','Leilani','Erdman','lynch.gail@example.com','1'),
('69','Kameron','Lockman','wreinger@example.com','962258'),
('70','Jeromy','Walker','zabshire@example.net','0'),
('71','Shemar','Wehner','carlos.wisoky@example.org','727733'),
('72','Deven','Gulgowski','jbruen@example.com','0'),
('73','Kavon','Abshire','ursula.beer@example.net','1'),
('74','Kade','Powlowski','antoinette25@example.com','0'),
('75','Pinkie','Marquardt','leila48@example.net','3432207698'),
('76','Parker','Champlin','qabbott@example.org','601'),
('77','Arlene','Spencer','jermain32@example.net','0'),
('78','Lorena','Hilll','pearl.schuppe@example.com','109443'),
('79','Lilly','Tromp','kutch.rachelle@example.com','0'),
('80','Theresia','Marvin','rohan.guido@example.com','1'),
('81','Mittie','McLaughlin','ureynolds@example.net','1'),
('82','Janet','Rolfson','qlesch@example.com','935'),
('83','Lenna','Towne','baumbach.brannon@example.com','567136'),
('84','Etha','Bartell','nbartell@example.org','334'),
('85','Icie','Keeling','dicki.sherwood@example.net','51'),
('86','Amaya','Rowe','camylle92@example.com','0'),
('87','Francesca','Dietrich','katelin06@example.org','571'),
('88','Everette','Jenkins','kwindler@example.net','1'),
('89','Alyson','Schoen','bhirthe@example.net','0'),
('90','Katrine','Runolfsdottir','xferry@example.com','4290250304'),
('91','Jordan','Haag','emard.neva@example.net','693176'),
('92','Euna','Ritchie','bridie.barrows@example.org','0'),
('93','Keshaun','Swift','hattie.harris@example.com','154'),
('94','Janie','Kuhn','vkovacek@example.org','402994'),
('95','Stanford','Predovic','daniella05@example.net','212'),
('96','Hanna','Johns','sierra36@example.net','9663508616'),
('97','Elbert','Brekke','brown.adolph@example.net','391274'),
('98','Seth','Tromp','nparisian@example.org','28'),
('99','Tabitha','Harvey','brittany66@example.com','1'),
('100','Heidi','Reichert','zachariah54@example.com','764418'); 


DROP TABLE IF EXISTS `users_communities`;
CREATE TABLE `users_communities` (
  `user_id` bigint(20) unsigned NOT NULL,
  `community_id` bigint(20) unsigned NOT NULL,
  PRIMARY KEY (`user_id`,`community_id`),
  KEY `community_id` (`community_id`),
  CONSTRAINT `users_communities_ibfk_1` FOREIGN KEY (`user_id`) REFERENCES `users` (`id`),
  CONSTRAINT `users_communities_ibfk_2` FOREIGN KEY (`community_id`) REFERENCES `communities` (`id`)
) ENGINE=InnoDB DEFAULT CHARSET=utf8 COLLATE=utf8_unicode_ci;

INSERT INTO `users_communities` VALUES ('1','1'),
('2','2'),
('3','3'),
('4','4'),
('5','5'),
('6','1'),
('7','2'),
('8','3'),
('9','4'),
('10','5'),
('11','1'),
('12','2'),
('13','3'),
('14','4'),
('15','5'),
('16','1'),
('17','2'),
('18','3'),
('19','4'),
('20','5'); 




/*!40101 SET SQL_MODE=@OLD_SQL_MODE */;
/*!40014 SET FOREIGN_KEY_CHECKS=@OLD_FOREIGN_KEY_CHECKS */;
/*!40014 SET UNIQUE_CHECKS=@OLD_UNIQUE_CHECKS */;
/*!40101 SET CHARACTER_SET_CLIENT=@OLD_CHARACTER_SET_CLIENT */;
/*!40101 SET CHARACTER_SET_RESULTS=@OLD_CHARACTER_SET_RESULTS */;
/*!40101 SET COLLATION_CONNECTION=@OLD_COLLATION_CONNECTION */;
/*!40111 SET SQL_NOTES=@OLD_SQL_NOTES */;

